geoid,b25957001,b25957002,b25957003,b25957004,b25957005,b25957006,b25957007,b25957008
04000US26,8311,3784,3612,140,66,188,111,406
05000US26163,8311,3784,3612,140,66,188,111,406
06000US2616301380,0,0,0,0,0,0,0,0
06000US2616307020,0,0,0,0,0,0,0,0
06000US2616311220,0,0,0,0,0,0,0,0
06000US2616313120,0,0,0,0,0,0,0,0
06000US2616321000,0,0,0,0,0,0,0,0
06000US2616321020,0,0,0,0,0,0,0,0
06000US2616322000,8311,3784,3612,140,66,188,111,406
06000US2616324740,0,0,0,0,0,0,0,0
06000US2616328360,0,0,0,0,0,0,0,0
06000US2616331420,0,0,0,0,0,0,0,0
06000US2616332020,0,0,0,0,0,0,0,0
06000US2616335420,0,0,0,0,0,0,0,0
06000US2616335480,0,0,0,0,0,0,0,0
06000US2616335520,0,0,0,0,0,0,0,0
06000US2616335540,0,0,0,0,0,0,0,0
06000US2616335580,0,0,0,0,0,0,0,0
06000US2616336280,0,0,0,0,0,0,0,0
06000US2616336700,0,0,0,0,0,0,0,0
06000US2616338180,0,0,0,0,0,0,0,0
06000US2616340040,0,0,0,0,0,0,0,0
06000US2616340680,0,0,0,0,0,0,0,0
06000US2616347800,0,0,0,0,0,0,0,0
06000US2616349000,0,0,0,0,0,0,0,0
06000US2616352940,0,0,0,0,0,0,0,0
06000US2616358980,0,0,0,0,0,0,0,0
06000US2616359000,0,0,0,0,0,0,0,0
06000US2616365060,0,0,0,0,0,0,0,0
06000US2616365080,0,0,0,0,0,0,0,0
06000US2616367625,0,0,0,0,0,0,0,0
06000US2616368760,0,0,0,0,0,0,0,0
06000US2616368880,0,0,0,0,0,0,0,0
06000US2616369180,0,0,0,0,0,0,0,0
06000US2616369420,0,0,0,0,0,0,0,0
06000US2616374960,0,0,0,0,0,0,0,0
06000US2616377360,0,0,0,0,0,0,0,0
06000US2616379000,0,0,0,0,0,0,0,0
06000US2616380420,0,0,0,0,0,0,0,0
06000US2616381660,0,0,0,0,0,0,0,0
06000US2616382453,0,0,0,0,0,0,0,0
06000US2616384940,0,0,0,0,0,0,0,0
06000US2616386000,0,0,0,0,0,0,0,0
06000US2616388380,0,0,0,0,0,0,0,0
06000US2616388900,0,0,0,0,0,0,0,0
14000US26163500100,27,13,11,0,1,0,0,2
14000US26163500200,33,18,9,2,1,1,0,2
14000US26163500300,33,6,26,0,0,0,0,1
14000US26163500400,40,5,34,0,0,0,1,0
14000US26163500500,24,5,16,1,1,0,0,1
14000US26163500600,24,16,7,0,0,0,0,1
14000US26163500700,18,12,4,1,1,0,0,0
14000US26163500800,8,6,2,0,0,0,0,0
14000US26163500900,26,18,6,1,0,0,1,0
14000US26163501000,19,11,8,0,0,0,0,0
14000US26163501100,28,21,6,1,0,0,0,0
14000US26163501200,15,10,4,1,0,0,0,0
14000US26163501300,64,8,54,1,0,1,0,0
14000US26163501400,51,42,1,4,0,1,1,2
14000US26163501500,43,33,5,0,0,0,0,5
14000US26163501600,42,33,5,0,1,1,0,2
14000US26163501700,29,11,15,0,1,0,0,2
14000US26163501800,50,42,5,0,1,1,0,1
14000US26163501900,22,8,7,0,0,0,5,2
14000US26163502000,29,8,19,1,0,0,1,0
14000US26163503100,27,21,0,2,0,0,0,4
14000US26163503200,57,13,43,0,0,1,0,0
14000US26163503300,51,19,32,0,0,0,0,0
14000US26163503400,25,6,17,0,0,1,0,1
14000US26163503500,62,25,31,0,3,0,1,2
14000US26163503600,12,9,3,0,0,0,0,0
14000US26163503900,16,5,9,2,0,0,0,0
14000US26163504000,12,5,7,0,0,0,0,0
14000US26163504100,24,5,19,0,0,0,0,0
14000US26163504200,15,7,7,0,0,0,0,1
14000US26163504300,29,8,16,4,1,0,0,0
14000US26163504400,22,9,13,0,0,0,0,0
14000US26163504700,13,6,6,0,0,0,0,1
14000US26163504800,9,3,3,0,0,1,0,2
14000US26163504900,23,19,1,2,1,0,0,0
14000US26163505000,13,6,5,1,1,0,0,0
14000US26163505100,20,13,1,0,0,3,0,3
14000US26163505200,56,14,38,0,0,3,1,0
14000US26163505400,50,14,33,0,1,0,0,2
14000US26163505500,15,6,8,0,0,1,0,0
14000US26163506100,9,6,1,0,0,0,0,2
14000US26163506200,25,13,10,0,0,1,0,1
14000US26163506300,25,13,8,0,0,2,0,2
14000US26163506400,31,5,24,1,0,1,0,0
14000US26163506500,25,10,15,0,0,0,0,0
14000US26163506600,30,21,7,0,0,1,0,1
14000US26163506700,54,13,40,0,0,0,0,1
14000US26163506800,51,24,19,3,0,3,0,2
14000US26163506900,45,20,24,0,1,0,0,0
14000US26163507000,21,9,9,1,0,1,0,1
14000US26163507100,26,12,14,0,0,0,0,0
14000US26163507200,19,4,15,0,0,0,0,0
14000US26163507300,33,12,19,0,2,0,0,0
14000US26163507400,30,19,10,0,0,1,0,0
14000US26163507500,25,15,7,0,0,3,0,0
14000US26163507800,7,2,5,0,0,0,0,0
14000US26163507900,25,6,14,0,1,2,0,2
14000US26163508000,17,1,14,0,0,0,0,2
14000US26163508100,45,6,38,0,0,0,0,1
14000US26163510400,22,7,12,0,0,2,0,1
14000US26163510500,47,12,33,0,1,0,0,1
14000US26163510600,47,26,19,0,0,0,0,2
14000US26163510700,51,5,46,0,0,0,0,0
14000US26163511000,34,15,15,0,0,1,1,2
14000US26163511200,9,2,6,0,0,0,0,1
14000US26163511300,53,8,43,0,0,0,0,2
14000US26163511400,18,9,8,0,0,0,0,1
14000US26163511900,32,17,5,1,0,3,0,6
14000US26163512100,25,16,6,2,0,1,0,0
14000US26163512200,3,1,2,0,0,0,0,0
14000US26163512300,10,2,6,0,0,1,0,1
14000US26163512400,32,7,24,0,0,0,1,0
14000US26163512600,39,6,30,0,0,2,0,1
14000US26163512900,39,6,33,0,0,0,0,0
14000US26163513200,26,12,13,1,0,0,0,0
14000US26163513300,15,8,4,3,0,0,0,0
14000US26163513600,22,10,8,0,0,2,0,2
14000US26163513700,34,19,10,1,0,2,1,1
14000US26163513900,7,2,5,0,0,0,0,0
14000US26163514100,27,8,19,0,0,0,0,0
14000US26163514200,28,9,19,0,0,0,0,0
14000US26163514300,48,14,33,0,1,0,0,0
14000US26163514500,12,4,8,0,0,0,0,0
14000US26163515200,31,8,20,0,0,2,1,0
14000US26163515300,36,24,5,0,1,1,0,5
14000US26163515400,25,17,4,1,0,1,1,1
14000US26163515600,15,6,6,0,1,1,0,1
14000US26163515700,29,19,3,3,0,0,0,4
14000US26163515900,17,7,10,0,0,0,0,0
14000US26163516000,62,18,41,0,0,0,0,3
14000US26163516100,29,9,18,1,0,1,0,0
14000US26163516200,23,7,16,0,0,0,0,0
14000US26163516300,20,10,7,1,0,0,0,2
14000US26163516400,24,10,10,0,0,0,2,2
14000US26163516500,26,15,2,1,0,3,4,1
14000US26163516600,2,2,0,0,0,0,0,0
14000US26163516700,7,7,0,0,0,0,0,0
14000US26163516800,22,5,17,0,0,0,0,0
14000US26163516900,7,6,0,0,0,0,1,0
14000US26163517000,6,5,0,0,0,0,0,1
14000US26163517100,9,4,1,1,0,1,1,1
14000US26163517200,174,105,2,0,0,11,5,51
14000US26163517300,7,3,0,0,0,0,2,2
14000US26163517500,26,20,1,0,0,4,0,1
14000US26163518000,19,10,0,0,0,3,4,2
14000US26163518400,3,1,1,0,0,1,0,0
14000US26163518500,14,5,7,0,0,0,1,1
14000US26163518600,23,0,23,0,0,0,0,0
14000US26163518800,22,2,18,1,0,1,0,0
14000US26163518900,28,19,0,1,0,1,0,7
14000US26163520200,13,6,1,0,0,3,0,3
14000US26163520300,30,23,0,0,0,3,0,4
14000US26163520400,19,13,2,2,0,0,2,0
14000US26163520700,113,58,0,1,0,13,19,22
14000US26163520800,105,71,0,0,0,5,6,23
14000US26163521100,28,13,3,1,0,4,1,6
14000US26163521300,14,4,7,0,0,1,0,2
14000US26163521400,36,20,2,0,0,0,2,12
14000US26163521500,19,7,11,0,0,0,1,0
14000US26163521800,6,1,0,0,0,0,5,0
14000US26163521900,21,11,6,0,0,0,2,2
14000US26163522000,11,3,5,0,0,1,2,0
14000US26163522100,24,5,19,0,0,0,0,0
14000US26163522200,5,0,5,0,0,0,0,0
14000US26163522300,17,5,10,0,1,0,0,1
14000US26163522400,23,3,17,3,0,0,0,0
14000US26163522500,51,15,9,0,0,7,6,13
14000US26163523100,17,7,5,1,0,2,1,0
14000US26163523200,21,8,7,2,1,1,0,2
14000US26163523300,11,6,4,0,0,1,0,0
14000US26163523400,16,11,3,0,0,1,0,1
14000US26163523800,20,8,10,0,0,2,0,0
14000US26163524000,21,9,9,1,0,0,0,2
14000US26163524100,20,8,11,0,0,1,0,0
14000US26163524200,16,10,3,0,0,0,0,3
14000US26163524300,11,6,3,0,1,0,0,1
14000US26163524500,19,9,8,0,0,0,0,2
14000US26163524700,176,20,151,1,1,0,1,2
14000US26163524800,60,18,42,0,0,0,0,0
14000US26163524900,40,3,37,0,0,0,0,0
14000US26163525000,19,13,4,0,0,1,0,1
14000US26163525400,18,2,15,0,0,0,1,0
14000US26163525500,14,5,8,0,0,0,0,1
14000US26163525600,6,4,1,1,0,0,0,0
14000US26163525700,40,13,25,0,0,0,0,2
14000US26163525800,16,6,10,0,0,0,0,0
14000US26163526000,27,12,10,0,1,0,0,4
14000US26163526100,49,3,46,0,0,0,0,0
14000US26163526200,27,3,23,1,0,0,0,0
14000US26163526300,21,3,17,0,0,0,0,1
14000US26163526400,20,4,16,0,0,0,0,0
14000US26163526500,21,7,12,0,0,0,0,2
14000US26163527200,8,0,8,0,0,0,0,0
14000US26163527300,22,3,19,0,0,0,0,0
14000US26163530100,28,14,14,0,0,0,0,0
14000US26163530200,43,24,16,0,0,2,0,1
14000US26163530300,24,8,15,0,0,0,0,1
14000US26163530400,7,5,2,0,0,0,0,0
14000US26163530500,12,8,0,0,0,0,0,3
14000US26163530800,15,9,6,0,0,0,0,0
14000US26163530900,15,8,7,0,0,0,0,0
14000US26163531100,12,7,4,0,0,0,0,1
14000US26163531200,53,44,3,6,0,0,0,0
14000US26163531300,7,4,3,0,0,0,0,0
14000US26163531400,9,6,3,0,0,0,0,0
14000US26163531500,15,3,11,1,0,0,0,0
14000US26163531600,19,8,10,0,0,0,0,1
14000US26163531700,24,9,12,1,0,1,0,1
14000US26163531800,12,3,7,0,0,0,0,2
14000US26163531900,13,4,9,0,0,0,0,0
14000US26163532200,19,12,5,0,0,1,0,1
14000US26163532300,12,9,1,2,0,0,0,0
14000US26163532400,22,17,2,0,0,0,2,1
14000US26163532600,16,15,0,0,0,0,0,1
14000US26163532700,3,3,0,0,0,0,0,0
14000US26163533000,4,4,0,0,0,0,0,0
14000US26163533100,7,6,0,1,0,0,0,0
14000US26163533200,19,1,15,0,2,0,0,1
14000US26163533300,12,7,4,0,0,0,0,1
14000US26163533400,30,6,23,0,0,1,0,0
14000US26163533500,9,5,4,0,0,0,0,0
14000US26163533600,19,4,14,0,0,0,0,1
14000US26163533700,7,3,3,0,0,0,0,1
14000US26163533900,40,36,0,1,1,2,0,0
14000US26163534100,11,7,3,0,1,0,0,0
14000US26163534200,70,15,53,2,0,0,0,0
14000US26163534300,35,6,29,0,0,0,0,0
14000US26163534400,25,5,18,1,0,0,0,1
14000US26163534500,15,4,11,0,0,0,0,0
14000US26163534600,7,6,1,0,0,0,0,0
14000US26163534700,26,18,8,0,0,0,0,0
14000US26163535000,66,14,51,0,0,0,0,1
14000US26163535100,25,6,14,0,0,1,0,4
14000US26163535200,33,11,19,0,0,0,1,2
14000US26163535300,38,33,4,0,0,0,0,1
14000US26163535400,44,9,32,1,1,0,0,1
14000US26163535500,29,20,7,0,0,2,0,0
14000US26163535600,42,33,2,1,4,1,1,0
14000US26163535700,43,12,31,0,0,0,0,0
14000US26163536100,62,38,17,3,0,3,0,1
14000US26163536200,15,12,0,0,0,2,0,1
14000US26163536300,26,8,14,0,0,2,0,2
14000US26163536400,21,9,12,0,0,0,0,0
14000US26163536500,28,15,9,0,0,2,0,2
14000US26163536600,28,9,15,1,2,0,0,1
14000US26163536700,7,2,2,1,0,0,1,1
14000US26163536800,13,6,4,0,1,2,0,0
14000US26163536900,21,8,10,0,0,0,1,2
14000US26163537000,24,11,8,1,2,1,0,1
14000US26163537100,13,5,3,0,0,2,0,3
14000US26163537200,15,7,4,0,0,1,0,3
14000US26163537300,22,7,15,0,0,0,0,0
14000US26163537500,20,14,5,1,0,0,0,0
14000US26163537600,44,23,15,1,4,0,0,1
14000US26163537700,31,16,15,0,0,0,0,0
14000US26163537800,24,10,12,0,1,0,0,1
14000US26163538100,42,39,1,0,0,0,0,2
14000US26163538200,32,27,1,2,0,0,0,2
14000US26163538300,8,5,0,0,0,0,1,2
14000US26163538400,57,49,1,4,0,1,1,0
14000US26163538500,44,39,0,2,1,0,0,2
14000US26163538600,40,38,0,2,0,0,0,0
14000US26163538700,23,18,2,1,1,0,1,0
14000US26163538800,12,11,0,1,0,0,0,0
14000US26163538900,33,30,1,1,0,0,0,1
14000US26163539000,45,17,27,0,0,0,0,1
14000US26163539100,26,13,11,0,0,2,0,0
14000US26163539200,54,44,3,2,1,1,0,3
14000US26163539300,34,29,1,1,2,0,0,1
14000US26163539400,41,33,1,0,0,4,0,3
14000US26163539500,40,26,2,2,0,1,1,8
14000US26163539600,27,20,2,1,2,0,1,1
14000US26163539700,25,18,4,1,0,1,1,0
14000US26163540100,27,23,3,0,0,0,0,1
14000US26163540200,26,11,13,0,0,0,0,2
14000US26163540300,42,27,7,2,1,1,0,4
14000US26163540400,33,15,15,1,0,0,0,2
14000US26163540500,34,23,9,0,0,0,0,2
14000US26163540600,35,17,17,0,1,0,0,0
14000US26163540700,39,11,26,0,0,0,0,2
14000US26163540800,33,19,13,0,0,0,0,1
14000US26163540900,49,36,4,0,1,6,0,2
14000US26163541000,56,21,31,0,1,3,0,0
14000US26163541100,76,9,66,0,0,0,0,1
14000US26163541200,28,3,20,1,0,4,0,0
14000US26163541300,21,7,8,3,0,0,0,3
14000US26163541400,31,14,12,1,0,0,1,3
14000US26163541500,43,32,7,0,1,1,0,2
14000US26163541700,10,8,1,0,0,0,1,0
14000US26163541800,34,19,12,0,1,0,1,1
14000US26163542100,44,37,5,1,1,0,0,0
14000US26163542200,35,26,6,2,0,0,0,1
14000US26163542300,16,8,7,0,0,0,0,1
14000US26163542400,18,4,11,1,0,0,0,2
14000US26163542500,30,21,3,4,1,0,1,0
14000US26163542600,21,13,5,0,1,0,1,1
14000US26163542700,28,6,21,1,0,0,0,0
14000US26163542800,30,26,1,1,2,0,0,0
14000US26163542900,39,33,0,1,0,1,1,3
14000US26163543000,41,35,0,0,1,2,0,3
14000US26163543100,37,30,0,2,0,0,0,5
14000US26163543200,40,24,14,1,0,0,0,1
14000US26163543400,14,10,1,2,0,0,0,1
14000US26163543500,18,3,15,0,0,0,0,0
14000US26163543600,57,5,51,0,0,0,0,1
14000US26163543700,44,4,40,0,0,0,0,0
14000US26163543800,19,4,15,0,0,0,0,0
14000US26163543900,18,4,14,0,0,0,0,0
14000US26163544000,11,11,0,0,0,0,0,0
14000US26163544100,29,11,17,0,0,0,0,1
14000US26163544200,25,9,16,0,0,0,0,0
14000US26163544300,24,11,8,0,0,1,0,4
14000US26163545100,19,4,12,0,0,2,0,1
14000US26163545200,51,19,29,0,1,0,1,1
14000US26163545300,12,3,5,1,0,2,0,1
14000US26163545400,6,4,2,0,0,0,0,0
14000US26163545500,51,13,36,0,0,1,0,1
14000US26163545600,24,14,9,0,0,0,0,1
14000US26163545700,19,13,4,1,0,1,0,0
14000US26163545800,59,15,42,2,0,0,0,0
14000US26163545900,51,14,31,1,0,1,0,4
14000US26163546000,92,8,84,0,0,0,0,0
14000US26163546100,49,12,37,0,0,0,0,0
14000US26163546200,34,28,2,1,0,0,2,1
14000US26163546300,9,8,0,0,0,0,0,1
14000US26163546400,21,5,15,0,0,0,0,1
14000US26163546500,14,11,0,3,0,0,0,0
14000US26163546600,11,2,9,0,0,0,0,0
14000US26163546700,28,19,8,0,0,1,0,0
14000US26163546800,34,14,18,0,0,0,1,1
14000US26163546900,13,6,4,1,0,1,0,1
14000US26163550100,0,0,0,0,0,0,0,0
14000US26163550200,0,0,0,0,0,0,0,0
14000US26163550300,0,0,0,0,0,0,0,0
14000US26163550400,0,0,0,0,0,0,0,0
14000US26163550500,0,0,0,0,0,0,0,0
14000US26163550600,0,0,0,0,0,0,0,0
14000US26163550700,0,0,0,0,0,0,0,0
14000US26163550800,0,0,0,0,0,0,0,0
14000US26163550900,0,0,0,0,0,0,0,0
14000US26163551100,0,0,0,0,0,0,0,0
14000US26163551200,0,0,0,0,0,0,0,0
14000US26163551300,0,0,0,0,0,0,0,0
14000US26163551400,0,0,0,0,0,0,0,0
14000US26163551500,0,0,0,0,0,0,0,0
14000US26163551600,0,0,0,0,0,0,0,0
14000US26163551700,0,0,0,0,0,0,0,0
14000US26163551800,0,0,0,0,0,0,0,0
14000US26163552000,0,0,0,0,0,0,0,0
14000US26163552100,0,0,0,0,0,0,0,0
14000US26163552200,0,0,0,0,0,0,0,0
14000US26163552300,0,0,0,0,0,0,0,0
14000US26163552400,0,0,0,0,0,0,0,0
14000US26163552800,0,0,0,0,0,0,0,0
14000US26163553000,0,0,0,0,0,0,0,0
14000US26163553100,0,0,0,0,0,0,0,0
14000US26163553200,0,0,0,0,0,0,0,0
14000US26163553300,0,0,0,0,0,0,0,0
14000US26163553400,0,0,0,0,0,0,0,0
14000US26163553600,0,0,0,0,0,0,0,0
14000US26163553800,0,0,0,0,0,0,0,0
14000US26163554100,0,0,0,0,0,0,0,0
14000US26163554200,0,0,0,0,0,0,0,0
14000US26163554300,0,0,0,0,0,0,0,0
14000US26163554400,0,0,0,0,0,0,0,0
14000US26163554500,0,0,0,0,0,0,0,0
14000US26163554600,0,0,0,0,0,0,0,0
14000US26163554700,0,0,0,0,0,0,0,0
14000US26163554800,0,0,0,0,0,0,0,0
14000US26163554900,0,0,0,0,0,0,0,0
14000US26163555100,0,0,0,0,0,0,0,0
14000US26163555300,0,0,0,0,0,0,0,0
14000US26163555400,0,0,0,0,0,0,0,0
14000US26163555500,0,0,0,0,0,0,0,0
14000US26163555600,0,0,0,0,0,0,0,0
14000US26163556100,0,0,0,0,0,0,0,0
14000US26163556200,0,0,0,0,0,0,0,0
14000US26163556300,0,0,0,0,0,0,0,0
14000US26163556400,0,0,0,0,0,0,0,0
14000US26163556500,0,0,0,0,0,0,0,0
14000US26163556600,0,0,0,0,0,0,0,0
14000US26163556700,0,0,0,0,0,0,0,0
14000US26163556800,0,0,0,0,0,0,0,0
14000US26163556900,0,0,0,0,0,0,0,0
14000US26163557000,0,0,0,0,0,0,0,0
14000US26163557100,0,0,0,0,0,0,0,0
14000US26163557200,0,0,0,0,0,0,0,0
14000US26163557300,0,0,0,0,0,0,0,0
14000US26163557400,0,0,0,0,0,0,0,0
14000US26163557500,0,0,0,0,0,0,0,0
14000US26163557600,0,0,0,0,0,0,0,0
14000US26163557700,0,0,0,0,0,0,0,0
14000US26163557900,0,0,0,0,0,0,0,0
14000US26163558000,0,0,0,0,0,0,0,0
14000US26163558100,0,0,0,0,0,0,0,0
14000US26163558200,0,0,0,0,0,0,0,0
14000US26163558300,0,0,0,0,0,0,0,0
14000US26163558400,0,0,0,0,0,0,0,0
14000US26163558500,0,0,0,0,0,0,0,0
14000US26163558600,0,0,0,0,0,0,0,0
14000US26163558700,0,0,0,0,0,0,0,0
14000US26163558800,0,0,0,0,0,0,0,0
14000US26163558900,0,0,0,0,0,0,0,0
14000US26163559000,0,0,0,0,0,0,0,0
14000US26163559100,0,0,0,0,0,0,0,0
14000US26163559200,0,0,0,0,0,0,0,0
14000US26163560100,0,0,0,0,0,0,0,0
14000US26163560200,0,0,0,0,0,0,0,0
14000US26163560300,0,0,0,0,0,0,0,0
14000US26163560400,0,0,0,0,0,0,0,0
14000US26163561200,0,0,0,0,0,0,0,0
14000US26163561300,0,0,0,0,0,0,0,0
14000US26163561600,0,0,0,0,0,0,0,0
14000US26163561700,0,0,0,0,0,0,0,0
14000US26163561900,0,0,0,0,0,0,0,0
14000US26163562300,0,0,0,0,0,0,0,0
14000US26163562400,0,0,0,0,0,0,0,0
14000US26163562500,0,0,0,0,0,0,0,0
14000US26163562600,0,0,0,0,0,0,0,0
14000US26163562700,0,0,0,0,0,0,0,0
14000US26163562800,0,0,0,0,0,0,0,0
14000US26163562900,0,0,0,0,0,0,0,0
14000US26163563200,0,0,0,0,0,0,0,0
14000US26163563300,0,0,0,0,0,0,0,0
14000US26163563400,0,0,0,0,0,0,0,0
14000US26163563500,0,0,0,0,0,0,0,0
14000US26163563600,0,0,0,0,0,0,0,0
14000US26163563700,0,0,0,0,0,0,0,0
14000US26163563800,0,0,0,0,0,0,0,0
14000US26163563900,0,0,0,0,0,0,0,0
14000US26163564000,0,0,0,0,0,0,0,0
14000US26163564100,0,0,0,0,0,0,0,0
14000US26163564200,0,0,0,0,0,0,0,0
14000US26163564300,0,0,0,0,0,0,0,0
14000US26163564401,0,0,0,0,0,0,0,0
14000US26163564402,0,0,0,0,0,0,0,0
14000US26163564501,0,0,0,0,0,0,0,0
14000US26163564502,0,0,0,0,0,0,0,0
14000US26163564503,0,0,0,0,0,0,0,0
14000US26163564504,0,0,0,0,0,0,0,0
14000US26163564600,0,0,0,0,0,0,0,0
14000US26163564700,0,0,0,0,0,0,0,0
14000US26163564800,0,0,0,0,0,0,0,0
14000US26163564900,0,0,0,0,0,0,0,0
14000US26163565000,0,0,0,0,0,0,0,0
14000US26163565100,0,0,0,0,0,0,0,0
14000US26163565200,0,0,0,0,0,0,0,0
14000US26163565300,0,0,0,0,0,0,0,0
14000US26163565600,0,0,0,0,0,0,0,0
14000US26163565700,0,0,0,0,0,0,0,0
14000US26163565800,0,0,0,0,0,0,0,0
14000US26163565900,0,0,0,0,0,0,0,0
14000US26163566400,0,0,0,0,0,0,0,0
14000US26163566500,0,0,0,0,0,0,0,0
14000US26163566600,0,0,0,0,0,0,0,0
14000US26163566700,0,0,0,0,0,0,0,0
14000US26163566800,0,0,0,0,0,0,0,0
14000US26163566900,0,0,0,0,0,0,0,0
14000US26163567000,0,0,0,0,0,0,0,0
14000US26163567100,0,0,0,0,0,0,0,0
14000US26163567201,0,0,0,0,0,0,0,0
14000US26163567202,0,0,0,0,0,0,0,0
14000US26163567300,0,0,0,0,0,0,0,0
14000US26163567400,0,0,0,0,0,0,0,0
14000US26163567800,0,0,0,0,0,0,0,0
14000US26163567900,0,0,0,0,0,0,0,0
14000US26163568000,0,0,0,0,0,0,0,0
14000US26163568200,0,0,0,0,0,0,0,0
14000US26163568300,0,0,0,0,0,0,0,0
14000US26163568400,0,0,0,0,0,0,0,0
14000US26163568500,0,0,0,0,0,0,0,0
14000US26163568700,0,0,0,0,0,0,0,0
14000US26163568800,0,0,0,0,0,0,0,0
14000US26163568900,0,0,0,0,0,0,0,0
14000US26163569100,0,0,0,0,0,0,0,0
14000US26163569200,0,0,0,0,0,0,0,0
14000US26163569300,0,0,0,0,0,0,0,0
14000US26163569400,0,0,0,0,0,0,0,0
14000US26163569500,0,0,0,0,0,0,0,0
14000US26163569600,0,0,0,0,0,0,0,0
14000US26163569700,0,0,0,0,0,0,0,0
14000US26163569800,0,0,0,0,0,0,0,0
14000US26163569900,0,0,0,0,0,0,0,0
14000US26163570100,0,0,0,0,0,0,0,0
14000US26163570200,0,0,0,0,0,0,0,0
14000US26163570400,0,0,0,0,0,0,0,0
14000US26163570500,0,0,0,0,0,0,0,0
14000US26163570600,0,0,0,0,0,0,0,0
14000US26163570800,0,0,0,0,0,0,0,0
14000US26163570900,0,0,0,0,0,0,0,0
14000US26163571000,0,0,0,0,0,0,0,0
14000US26163571500,0,0,0,0,0,0,0,0
14000US26163571600,0,0,0,0,0,0,0,0
14000US26163571700,0,0,0,0,0,0,0,0
14000US26163571800,0,0,0,0,0,0,0,0
14000US26163571900,0,0,0,0,0,0,0,0
14000US26163572000,0,0,0,0,0,0,0,0
14000US26163572100,0,0,0,0,0,0,0,0
14000US26163572200,0,0,0,0,0,0,0,0
14000US26163572400,0,0,0,0,0,0,0,0
14000US26163572500,0,0,0,0,0,0,0,0
14000US26163572600,0,0,0,0,0,0,0,0
14000US26163572700,0,0,0,0,0,0,0,0
14000US26163572800,0,0,0,0,0,0,0,0
14000US26163572900,0,0,0,0,0,0,0,0
14000US26163573000,0,0,0,0,0,0,0,0
14000US26163573100,0,0,0,0,0,0,0,0
14000US26163573300,0,0,0,0,0,0,0,0
14000US26163573400,0,0,0,0,0,0,0,0
14000US26163573500,0,0,0,0,0,0,0,0
14000US26163573600,0,0,0,0,0,0,0,0
14000US26163573701,0,0,0,0,0,0,0,0
14000US26163573702,0,0,0,0,0,0,0,0
14000US26163573800,0,0,0,0,0,0,0,0
14000US26163573900,0,0,0,0,0,0,0,0
14000US26163574000,0,0,0,0,0,0,0,0
14000US26163574100,0,0,0,0,0,0,0,0
14000US26163574202,0,0,0,0,0,0,0,0
14000US26163574300,0,0,0,0,0,0,0,0
14000US26163574600,0,0,0,0,0,0,0,0
14000US26163574700,0,0,0,0,0,0,0,0
14000US26163574800,0,0,0,0,0,0,0,0
14000US26163574900,0,0,0,0,0,0,0,0
14000US26163575000,0,0,0,0,0,0,0,0
14000US26163575100,0,0,0,0,0,0,0,0
14000US26163575200,0,0,0,0,0,0,0,0
14000US26163575300,0,0,0,0,0,0,0,0
14000US26163575400,0,0,0,0,0,0,0,0
14000US26163575500,0,0,0,0,0,0,0,0
14000US26163575600,0,0,0,0,0,0,0,0
14000US26163576000,0,0,0,0,0,0,0,0
14000US26163576100,0,0,0,0,0,0,0,0
14000US26163576200,0,0,0,0,0,0,0,0
14000US26163576300,0,0,0,0,0,0,0,0
14000US26163576400,0,0,0,0,0,0,0,0
14000US26163576500,0,0,0,0,0,0,0,0
14000US26163576600,0,0,0,0,0,0,0,0
14000US26163576700,0,0,0,0,0,0,0,0
14000US26163577000,0,0,0,0,0,0,0,0
14000US26163577100,0,0,0,0,0,0,0,0
14000US26163577200,0,0,0,0,0,0,0,0
14000US26163577300,0,0,0,0,0,0,0,0
14000US26163577400,0,0,0,0,0,0,0,0
14000US26163577500,0,0,0,0,0,0,0,0
14000US26163577600,0,0,0,0,0,0,0,0
14000US26163577700,0,0,0,0,0,0,0,0
14000US26163577800,0,0,0,0,0,0,0,0
14000US26163577900,0,0,0,0,0,0,0,0
14000US26163578000,0,0,0,0,0,0,0,0
14000US26163578500,0,0,0,0,0,0,0,0
14000US26163578600,0,0,0,0,0,0,0,0
14000US26163579100,0,0,0,0,0,0,0,0
14000US26163579200,0,0,0,0,0,0,0,0
14000US26163579300,0,0,0,0,0,0,0,0
14000US26163579500,0,0,0,0,0,0,0,0
14000US26163579600,0,0,0,0,0,0,0,0
14000US26163579700,0,0,0,0,0,0,0,0
14000US26163579800,0,0,0,0,0,0,0,0
14000US26163579900,0,0,0,0,0,0,0,0
14000US26163580100,0,0,0,0,0,0,0,0
14000US26163580200,0,0,0,0,0,0,0,0
14000US26163580300,0,0,0,0,0,0,0,0
14000US26163580400,0,0,0,0,0,0,0,0
14000US26163580500,0,0,0,0,0,0,0,0
14000US26163580600,0,0,0,0,0,0,0,0
14000US26163580700,0,0,0,0,0,0,0,0
14000US26163580800,0,0,0,0,0,0,0,0
14000US26163580900,0,0,0,0,0,0,0,0
14000US26163581100,0,0,0,0,0,0,0,0
14000US26163581200,0,0,0,0,0,0,0,0
14000US26163581500,0,0,0,0,0,0,0,0
14000US26163581600,0,0,0,0,0,0,0,0
14000US26163581800,0,0,0,0,0,0,0,0
14000US26163581900,0,0,0,0,0,0,0,0
14000US26163582000,0,0,0,0,0,0,0,0
14000US26163582100,0,0,0,0,0,0,0,0
14000US26163583000,0,0,0,0,0,0,0,0
14000US26163583100,0,0,0,0,0,0,0,0
14000US26163583200,0,0,0,0,0,0,0,0
14000US26163583300,0,0,0,0,0,0,0,0
14000US26163583400,0,0,0,0,0,0,0,0
14000US26163583500,0,0,0,0,0,0,0,0
14000US26163583600,0,0,0,0,0,0,0,0
14000US26163583700,0,0,0,0,0,0,0,0
14000US26163583800,0,0,0,0,0,0,0,0
14000US26163583900,0,0,0,0,0,0,0,0
14000US26163584000,0,0,0,0,0,0,0,0
14000US26163584100,0,0,0,0,0,0,0,0
14000US26163584200,0,0,0,0,0,0,0,0
14000US26163584300,0,0,0,0,0,0,0,0
14000US26163584400,0,0,0,0,0,0,0,0
14000US26163584500,0,0,0,0,0,0,0,0
14000US26163584600,0,0,0,0,0,0,0,0
14000US26163584700,0,0,0,0,0,0,0,0
14000US26163584800,0,0,0,0,0,0,0,0
14000US26163585500,0,0,0,0,0,0,0,0
14000US26163585600,0,0,0,0,0,0,0,0
14000US26163585700,0,0,0,0,0,0,0,0
14000US26163585800,0,0,0,0,0,0,0,0
14000US26163585900,0,0,0,0,0,0,0,0
14000US26163586200,0,0,0,0,0,0,0,0
14000US26163586300,0,0,0,0,0,0,0,0
14000US26163587000,0,0,0,0,0,0,0,0
14000US26163587900,0,0,0,0,0,0,0,0
14000US26163588000,0,0,0,0,0,0,0,0
14000US26163588100,0,0,0,0,0,0,0,0
14000US26163588200,0,0,0,0,0,0,0,0
14000US26163588300,0,0,0,0,0,0,0,0
14000US26163588400,0,0,0,0,0,0,0,0
14000US26163589300,0,0,0,0,0,0,0,0
14000US26163589400,0,0,0,0,0,0,0,0
14000US26163590400,0,0,0,0,0,0,0,0
14000US26163590500,0,0,0,0,0,0,0,0
14000US26163590600,0,0,0,0,0,0,0,0
14000US26163591501,0,0,0,0,0,0,0,0
14000US26163591502,0,0,0,0,0,0,0,0
14000US26163591600,0,0,0,0,0,0,0,0
14000US26163591700,0,0,0,0,0,0,0,0
14000US26163591800,0,0,0,0,0,0,0,0
14000US26163591900,0,0,0,0,0,0,0,0
14000US26163592000,0,0,0,0,0,0,0,0
14000US26163593000,0,0,0,0,0,0,0,0
14000US26163593200,0,0,0,0,0,0,0,0
14000US26163593300,0,0,0,0,0,0,0,0
14000US26163594000,0,0,0,0,0,0,0,0
14000US26163594100,0,0,0,0,0,0,0,0
14000US26163594200,0,0,0,0,0,0,0,0
14000US26163594300,0,0,0,0,0,0,0,0
14000US26163594400,0,0,0,0,0,0,0,0
14000US26163594500,0,0,0,0,0,0,0,0
14000US26163595000,0,0,0,0,0,0,0,0
14000US26163595100,0,0,0,0,0,0,0,0
14000US26163595200,0,0,0,0,0,0,0,0
14000US26163596100,0,0,0,0,0,0,0,0
14000US26163596200,0,0,0,0,0,0,0,0
14000US26163596300,0,0,0,0,0,0,0,0
14000US26163597000,0,0,0,0,0,0,0,0
14000US26163598000,0,0,0,0,0,0,0,0
14000US26163599000,0,0,0,0,0,0,0,0
14000US26163599100,0,0,0,0,0,0,0,0
14000US26163985000,4,3,1,0,0,0,0,0
14000US26163985100,11,3,4,0,0,1,3,0
14000US26163985200,3,3,0,0,0,0,0,0
14000US26163985300,8,5,1,0,0,2,0,0
14000US26163985400,0,0,0,0,0,0,0,0
14000US26163985500,0,0,0,0,0,0,0,0
14000US26163985600,0,0,0,0,0,0,0,0
14000US26163985700,0,0,0,0,0,0,0,0
14000US26163985900,4,3,0,0,0,0,1,0
14000US26163990100,0,0,0,0,0,0,0,0
14000US26163990200,0,0,0,0,0,0,0,0
15000US261635001001,9,6,0,0,1,0,0,2
15000US261635001002,5,3,2,0,0,0,0,0
15000US261635001003,9,3,6,0,0,0,0,0
15000US261635001004,4,1,3,0,0,0,0,0
15000US261635002001,12,7,1,2,1,0,0,1
15000US261635002002,5,1,4,0,0,0,0,0
15000US261635002003,8,5,3,0,0,0,0,0
15000US261635002004,8,5,1,0,0,1,0,1
15000US261635003001,7,2,5,0,0,0,0,0
15000US261635003002,2,0,1,0,0,0,0,1
15000US261635003003,8,2,6,0,0,0,0,0
15000US261635003004,16,2,14,0,0,0,0,0
15000US261635004001,9,0,8,0,0,0,1,0
15000US261635004002,6,4,2,0,0,0,0,0
15000US261635004003,7,0,7,0,0,0,0,0
15000US261635004004,18,1,17,0,0,0,0,0
15000US261635005001,7,3,2,1,0,0,0,1
15000US261635005002,13,2,10,0,1,0,0,0
15000US261635005003,1,0,1,0,0,0,0,0
15000US261635005004,3,0,3,0,0,0,0,0
15000US261635006001,9,9,0,0,0,0,0,0
15000US261635006002,5,5,0,0,0,0,0,0
15000US261635006003,2,1,1,0,0,0,0,0
15000US261635006004,1,0,1,0,0,0,0,0
15000US261635006005,7,1,5,0,0,0,0,1
15000US261635007001,3,3,0,0,0,0,0,0
15000US261635007002,0,0,0,0,0,0,0,0
15000US261635007003,6,2,3,1,0,0,0,0
15000US261635007004,9,7,1,0,1,0,0,0
15000US261635008001,7,5,2,0,0,0,0,0
15000US261635008002,1,1,0,0,0,0,0,0
15000US261635009001,7,4,3,0,0,0,0,0
15000US261635009002,7,5,1,0,0,0,1,0
15000US261635009003,9,6,2,1,0,0,0,0
15000US261635009004,3,3,0,0,0,0,0,0
15000US261635010001,4,4,0,0,0,0,0,0
15000US261635010002,9,2,7,0,0,0,0,0
15000US261635010003,6,5,1,0,0,0,0,0
15000US261635011001,4,1,2,1,0,0,0,0
15000US261635011002,9,8,1,0,0,0,0,0
15000US261635011003,7,4,3,0,0,0,0,0
15000US261635011004,1,1,0,0,0,0,0,0
15000US261635011005,7,7,0,0,0,0,0,0
15000US261635012001,6,2,3,1,0,0,0,0
15000US261635012002,9,8,1,0,0,0,0,0
15000US261635013001,11,1,9,1,0,0,0,0
15000US261635013002,15,2,12,0,0,1,0,0
15000US261635013003,9,2,7,0,0,0,0,0
15000US261635013004,16,2,14,0,0,0,0,0
15000US261635013005,13,1,12,0,0,0,0,0
15000US261635014001,10,9,0,1,0,0,0,0
15000US261635014002,16,14,0,2,0,0,0,0
15000US261635014003,9,7,1,0,0,0,0,1
15000US261635014004,16,12,0,1,0,1,1,1
15000US261635015001,6,4,2,0,0,0,0,0
15000US261635015002,1,1,0,0,0,0,0,0
15000US261635015003,12,10,0,0,0,0,0,2
15000US261635015004,6,6,0,0,0,0,0,0
15000US261635015005,18,12,3,0,0,0,0,3
15000US261635016001,20,17,2,0,1,0,0,0
15000US261635016002,22,16,3,0,0,1,0,2
15000US261635017001,11,4,5,0,1,0,0,1
15000US261635017002,18,7,10,0,0,0,0,1
15000US261635018001,13,9,2,0,1,1,0,0
15000US261635018002,8,5,2,0,0,0,0,1
15000US261635018003,12,11,1,0,0,0,0,0
15000US261635018004,17,17,0,0,0,0,0,0
15000US261635019001,5,2,2,0,0,0,1,0
15000US261635019002,6,1,3,0,0,0,2,0
15000US261635019003,4,2,1,0,0,0,0,1
15000US261635019004,7,3,1,0,0,0,2,1
15000US261635020001,14,3,10,0,0,0,1,0
15000US261635020002,15,5,9,1,0,0,0,0
15000US261635031001,10,7,0,1,0,0,0,2
15000US261635031002,9,8,0,0,0,0,0,1
15000US261635031003,8,6,0,1,0,0,0,1
15000US261635032001,16,4,11,0,0,1,0,0
15000US261635032002,17,0,17,0,0,0,0,0
15000US261635032003,24,9,15,0,0,0,0,0
15000US261635033001,21,10,11,0,0,0,0,0
15000US261635033002,16,7,9,0,0,0,0,0
15000US261635033003,12,1,11,0,0,0,0,0
15000US261635033004,2,1,1,0,0,0,0,0
15000US261635034001,8,0,8,0,0,0,0,0
15000US261635034002,17,6,9,0,0,1,0,1
15000US261635035001,12,3,9,0,0,0,0,0
15000US261635035002,19,8,8,0,0,0,1,2
15000US261635035003,9,6,2,0,1,0,0,0
15000US261635035004,11,3,8,0,0,0,0,0
15000US261635035005,11,5,4,0,2,0,0,0
15000US261635036001,3,1,2,0,0,0,0,0
15000US261635036002,3,2,1,0,0,0,0,0
15000US261635036003,6,6,0,0,0,0,0,0
15000US261635039001,8,2,6,0,0,0,0,0
15000US261635039002,3,1,2,0,0,0,0,0
15000US261635039003,5,2,1,2,0,0,0,0
15000US261635040001,8,3,5,0,0,0,0,0
15000US261635040002,4,2,2,0,0,0,0,0
15000US261635041001,12,1,11,0,0,0,0,0
15000US261635041002,4,2,2,0,0,0,0,0
15000US261635041003,8,2,6,0,0,0,0,0
15000US261635042001,2,1,1,0,0,0,0,0
15000US261635042002,4,1,3,0,0,0,0,0
15000US261635042003,5,4,1,0,0,0,0,0
15000US261635042004,4,1,2,0,0,0,0,1
15000US261635043001,10,1,5,4,0,0,0,0
15000US261635043002,10,1,8,0,1,0,0,0
15000US261635043003,9,6,3,0,0,0,0,0
15000US261635044001,5,4,1,0,0,0,0,0
15000US261635044002,13,4,9,0,0,0,0,0
15000US261635044003,4,1,3,0,0,0,0,0
15000US261635047001,4,0,4,0,0,0,0,0
15000US261635047002,6,5,0,0,0,0,0,1
15000US261635047003,3,1,2,0,0,0,0,0
15000US261635048001,7,3,1,0,0,1,0,2
15000US261635048002,2,0,2,0,0,0,0,0
15000US261635049001,6,4,0,2,0,0,0,0
15000US261635049002,3,2,1,0,0,0,0,0
15000US261635049003,7,7,0,0,0,0,0,0
15000US261635049004,7,6,0,0,1,0,0,0
15000US261635050001,9,5,3,1,0,0,0,0
15000US261635050002,4,1,2,0,1,0,0,0
15000US261635051001,8,4,0,0,0,2,0,2
15000US261635051002,8,7,0,0,0,1,0,0
15000US261635051003,2,1,0,0,0,0,0,1
15000US261635051004,1,0,1,0,0,0,0,0
15000US261635051005,1,1,0,0,0,0,0,0
15000US261635052001,20,4,15,0,0,0,1,0
15000US261635052002,9,4,5,0,0,0,0,0
15000US261635052003,17,0,16,0,0,1,0,0
15000US261635052004,10,6,2,0,0,2,0,0
15000US261635054001,4,3,1,0,0,0,0,0
15000US261635054002,14,1,12,0,0,0,0,1
15000US261635054003,17,6,11,0,0,0,0,0
15000US261635054004,15,4,9,0,1,0,0,1
15000US261635055001,10,4,5,0,0,1,0,0
15000US261635055002,5,2,3,0,0,0,0,0
15000US261635061001,3,3,0,0,0,0,0,0
15000US261635061002,6,3,1,0,0,0,0,2
15000US261635062001,11,7,3,0,0,0,0,1
15000US261635062002,14,6,7,0,0,1,0,0
15000US261635063001,8,3,5,0,0,0,0,0
15000US261635063002,10,5,2,0,0,2,0,1
15000US261635063003,7,5,1,0,0,0,0,1
15000US261635064001,19,2,16,0,0,1,0,0
15000US261635064002,11,2,8,1,0,0,0,0
15000US261635064003,1,1,0,0,0,0,0,0
15000US261635065001,10,2,8,0,0,0,0,0
15000US261635065002,11,4,7,0,0,0,0,0
15000US261635065003,4,4,0,0,0,0,0,0
15000US261635066001,7,4,2,0,0,0,0,1
15000US261635066002,10,9,1,0,0,0,0,0
15000US261635066003,1,1,0,0,0,0,0,0
15000US261635066004,12,7,4,0,0,1,0,0
15000US261635067001,54,13,40,0,0,0,0,1
15000US261635068001,10,9,0,1,0,0,0,0
15000US261635068002,7,3,1,0,0,2,0,1
15000US261635068003,20,4,13,1,0,1,0,1
15000US261635068004,14,8,5,1,0,0,0,0
15000US261635069001,10,2,8,0,0,0,0,0
15000US261635069002,2,2,0,0,0,0,0,0
15000US261635069003,13,2,11,0,0,0,0,0
15000US261635069004,9,7,1,0,1,0,0,0
15000US261635069005,11,7,4,0,0,0,0,0
15000US261635070001,4,1,1,0,0,1,0,1
15000US261635070002,11,4,6,1,0,0,0,0
15000US261635070003,6,4,2,0,0,0,0,0
15000US261635071001,4,1,3,0,0,0,0,0
15000US261635071002,11,7,4,0,0,0,0,0
15000US261635071003,7,1,6,0,0,0,0,0
15000US261635071004,4,3,1,0,0,0,0,0
15000US261635072001,5,2,3,0,0,0,0,0
15000US261635072002,14,2,12,0,0,0,0,0
15000US261635073001,8,5,1,0,2,0,0,0
15000US261635073002,9,6,3,0,0,0,0,0
15000US261635073003,16,1,15,0,0,0,0,0
15000US261635074001,7,6,1,0,0,0,0,0
15000US261635074002,10,7,3,0,0,0,0,0
15000US261635074003,6,6,0,0,0,0,0,0
15000US261635074004,7,0,6,0,0,1,0,0
15000US261635075001,13,9,1,0,0,3,0,0
15000US261635075002,8,5,3,0,0,0,0,0
15000US261635075003,4,1,3,0,0,0,0,0
15000US261635078001,4,1,3,0,0,0,0,0
15000US261635078002,3,1,2,0,0,0,0,0
15000US261635079001,10,2,5,0,0,2,0,1
15000US261635079002,4,0,4,0,0,0,0,0
15000US261635079003,4,3,0,0,1,0,0,0
15000US261635079004,7,1,5,0,0,0,0,1
15000US261635080001,12,1,9,0,0,0,0,2
15000US261635080002,5,0,5,0,0,0,0,0
15000US261635081001,15,2,13,0,0,0,0,0
15000US261635081002,10,1,9,0,0,0,0,0
15000US261635081003,4,2,1,0,0,0,0,1
15000US261635081004,11,1,10,0,0,0,0,0
15000US261635081005,5,0,5,0,0,0,0,0
15000US261635104001,9,0,8,0,0,0,0,1
15000US261635104002,10,5,3,0,0,2,0,0
15000US261635104003,3,2,1,0,0,0,0,0
15000US261635105001,15,1,14,0,0,0,0,0
15000US261635105002,10,7,2,0,1,0,0,0
15000US261635105003,15,1,14,0,0,0,0,0
15000US261635105004,7,3,3,0,0,0,0,1
15000US261635106001,19,4,15,0,0,0,0,0
15000US261635106002,20,18,0,0,0,0,0,2
15000US261635106003,8,4,4,0,0,0,0,0
15000US261635107001,47,1,46,0,0,0,0,0
15000US261635107002,4,4,0,0,0,0,0,0
15000US261635110001,6,1,3,0,0,1,1,0
15000US261635110002,18,11,6,0,0,0,0,1
15000US261635110003,2,0,2,0,0,0,0,0
15000US261635110004,8,3,4,0,0,0,0,1
15000US261635112001,6,2,3,0,0,0,0,1
15000US261635112002,3,0,3,0,0,0,0,0
15000US261635113001,15,6,8,0,0,0,0,1
15000US261635113002,28,2,26,0,0,0,0,0
15000US261635113003,10,0,9,0,0,0,0,1
15000US261635114001,6,1,4,0,0,0,0,1
15000US261635114002,3,2,1,0,0,0,0,0
15000US261635114003,2,0,2,0,0,0,0,0
15000US261635114004,4,3,1,0,0,0,0,0
15000US261635114005,3,3,0,0,0,0,0,0
15000US261635119001,27,16,2,0,0,3,0,6
15000US261635119002,5,1,3,1,0,0,0,0
15000US261635121001,3,3,0,0,0,0,0,0
15000US261635121002,5,4,1,0,0,0,0,0
15000US261635121003,9,5,3,1,0,0,0,0
15000US261635121004,5,3,1,1,0,0,0,0
15000US261635121005,3,1,1,0,0,1,0,0
15000US261635122001,0,0,0,0,0,0,0,0
15000US261635122002,3,1,2,0,0,0,0,0
15000US261635123001,9,2,5,0,0,1,0,1
15000US261635123002,1,0,1,0,0,0,0,0
15000US261635124001,10,3,7,0,0,0,0,0
15000US261635124002,16,2,13,0,0,0,1,0
15000US261635124003,6,2,4,0,0,0,0,0
15000US261635126001,19,1,18,0,0,0,0,0
15000US261635126002,12,2,9,0,0,0,0,1
15000US261635126003,0,0,0,0,0,0,0,0
15000US261635126004,8,3,3,0,0,2,0,0
15000US261635129001,23,0,23,0,0,0,0,0
15000US261635129002,7,1,6,0,0,0,0,0
15000US261635129003,9,5,4,0,0,0,0,0
15000US261635132001,0,0,0,0,0,0,0,0
15000US261635132002,9,5,3,1,0,0,0,0
15000US261635132003,17,7,10,0,0,0,0,0
15000US261635133001,5,2,2,1,0,0,0,0
15000US261635133002,10,6,2,2,0,0,0,0
15000US261635136001,5,1,3,0,0,0,0,1
15000US261635136002,17,9,5,0,0,2,0,1
15000US261635137001,5,4,0,0,0,0,1,0
15000US261635137002,15,4,7,1,0,2,0,1
15000US261635137003,14,11,3,0,0,0,0,0
15000US261635139001,0,0,0,0,0,0,0,0
15000US261635139002,5,1,4,0,0,0,0,0
15000US261635139003,2,1,1,0,0,0,0,0
15000US261635141001,5,2,3,0,0,0,0,0
15000US261635141002,4,1,3,0,0,0,0,0
15000US261635141003,7,2,5,0,0,0,0,0
15000US261635141004,11,3,8,0,0,0,0,0
15000US261635142001,7,2,5,0,0,0,0,0
15000US261635142002,6,2,4,0,0,0,0,0
15000US261635142003,8,3,5,0,0,0,0,0
15000US261635142004,4,2,2,0,0,0,0,0
15000US261635142005,3,0,3,0,0,0,0,0
15000US261635143001,17,6,10,0,1,0,0,0
15000US261635143002,16,3,13,0,0,0,0,0
15000US261635143003,15,5,10,0,0,0,0,0
15000US261635145001,6,4,2,0,0,0,0,0
15000US261635145002,6,0,6,0,0,0,0,0
15000US261635152001,7,1,5,0,0,0,1,0
15000US261635152002,24,7,15,0,0,2,0,0
15000US261635153001,22,13,3,0,0,1,0,5
15000US261635153002,9,7,2,0,0,0,0,0
15000US261635153003,5,4,0,0,1,0,0,0
15000US261635154001,17,13,4,0,0,0,0,0
15000US261635154002,8,4,0,1,0,1,1,1
15000US261635156001,8,3,2,0,1,1,0,1
15000US261635156002,7,3,4,0,0,0,0,0
15000US261635157001,13,6,1,3,0,0,0,3
15000US261635157002,16,13,2,0,0,0,0,1
15000US261635159001,13,4,9,0,0,0,0,0
15000US261635159002,2,2,0,0,0,0,0,0
15000US261635159003,2,1,1,0,0,0,0,0
15000US261635160001,21,11,10,0,0,0,0,0
15000US261635160002,5,2,3,0,0,0,0,0
15000US261635160003,19,2,17,0,0,0,0,0
15000US261635160004,17,3,11,0,0,0,0,3
15000US261635161001,18,8,9,1,0,0,0,0
15000US261635161002,11,1,9,0,0,1,0,0
15000US261635162001,14,3,11,0,0,0,0,0
15000US261635162002,9,4,5,0,0,0,0,0
15000US261635163001,20,10,7,1,0,0,0,2
15000US261635164001,11,3,4,0,0,0,2,2
15000US261635164002,13,7,6,0,0,0,0,0
15000US261635165001,26,15,2,1,0,3,4,1
15000US261635166001,1,1,0,0,0,0,0,0
15000US261635166002,1,1,0,0,0,0,0,0
15000US261635167001,6,6,0,0,0,0,0,0
15000US261635167002,1,1,0,0,0,0,0,0
15000US261635168001,14,4,10,0,0,0,0,0
15000US261635168002,8,1,7,0,0,0,0,0
15000US261635169001,7,6,0,0,0,0,1,0
15000US261635170001,6,5,0,0,0,0,0,1
15000US261635171001,9,4,1,1,0,1,1,1
15000US261635172001,100,68,2,0,0,7,3,20
15000US261635172002,74,37,0,0,0,4,2,31
15000US261635173001,7,3,0,0,0,0,2,2
15000US261635173002,0,0,0,0,0,0,0,0
15000US261635175001,4,4,0,0,0,0,0,0
15000US261635175002,10,6,0,0,0,3,0,1
15000US261635175003,12,10,1,0,0,1,0,0
15000US261635180001,15,6,0,0,0,3,4,2
15000US261635180002,4,4,0,0,0,0,0,0
15000US261635184001,3,1,1,0,0,1,0,0
15000US261635184002,0,0,0,0,0,0,0,0
15000US261635185001,7,2,4,0,0,0,0,1
15000US261635185002,7,3,3,0,0,0,1,0
15000US261635186001,9,0,9,0,0,0,0,0
15000US261635186002,14,0,14,0,0,0,0,0
15000US261635188001,17,0,15,1,0,1,0,0
15000US261635188002,5,2,3,0,0,0,0,0
15000US261635189001,28,19,0,1,0,1,0,7
15000US261635202001,3,2,1,0,0,0,0,0
15000US261635202002,10,4,0,0,0,3,0,3
15000US261635203001,23,19,0,0,0,2,0,2
15000US261635203002,7,4,0,0,0,1,0,2
15000US261635204001,19,13,2,2,0,0,2,0
15000US261635207001,57,25,0,0,0,1,18,13
15000US261635207002,56,33,0,1,0,12,1,9
15000US261635208001,105,71,0,0,0,5,6,23
15000US261635211001,11,3,1,1,0,3,1,2
15000US261635211002,17,10,2,0,0,1,0,4
15000US261635213001,14,4,7,0,0,1,0,2
15000US261635214001,36,20,2,0,0,0,2,12
15000US261635215001,13,6,6,0,0,0,1,0
15000US261635215002,6,1,5,0,0,0,0,0
15000US261635218001,6,1,0,0,0,0,5,0
15000US261635219001,7,5,2,0,0,0,0,0
15000US261635219002,0,0,0,0,0,0,0,0
15000US261635219003,14,6,4,0,0,0,2,2
15000US261635220001,11,3,5,0,0,1,2,0
15000US261635221001,13,4,9,0,0,0,0,0
15000US261635221002,11,1,10,0,0,0,0,0
15000US261635222001,2,0,2,0,0,0,0,0
15000US261635222002,3,0,3,0,0,0,0,0
15000US261635223001,5,0,5,0,0,0,0,0
15000US261635223002,12,5,5,0,1,0,0,1
15000US261635224001,21,1,17,3,0,0,0,0
15000US261635224002,2,2,0,0,0,0,0,0
15000US261635225001,3,2,0,0,0,0,0,1
15000US261635225002,24,11,0,0,0,7,1,4
15000US261635225003,24,2,9,0,0,0,5,8
15000US261635231001,17,7,5,1,0,2,1,0
15000US261635232001,13,4,5,2,1,0,0,1
15000US261635232002,8,4,2,0,0,1,0,1
15000US261635233001,5,2,2,0,0,1,0,0
15000US261635233002,5,3,2,0,0,0,0,0
15000US261635233003,1,1,0,0,0,0,0,0
15000US261635234001,14,10,3,0,0,0,0,1
15000US261635234002,2,1,0,0,0,1,0,0
15000US261635238001,7,2,4,0,0,1,0,0
15000US261635238002,7,3,3,0,0,1,0,0
15000US261635238003,2,1,1,0,0,0,0,0
15000US261635238004,4,2,2,0,0,0,0,0
15000US261635240001,7,3,2,0,0,0,0,2
15000US261635240002,7,5,2,0,0,0,0,0
15000US261635240003,7,1,5,1,0,0,0,0
15000US261635241001,0,0,0,0,0,0,0,0
15000US261635241002,7,2,5,0,0,0,0,0
15000US261635241003,9,4,5,0,0,0,0,0
15000US261635241004,4,2,1,0,0,1,0,0
15000US261635242001,2,2,0,0,0,0,0,0
15000US261635242002,3,2,0,0,0,0,0,1
15000US261635242003,2,1,1,0,0,0,0,0
15000US261635242004,4,3,1,0,0,0,0,0
15000US261635242005,4,2,0,0,0,0,0,2
15000US261635242006,1,0,1,0,0,0,0,0
15000US261635243001,4,3,1,0,0,0,0,0
15000US261635243002,5,2,2,0,0,0,0,1
15000US261635243003,2,1,0,0,1,0,0,0
15000US261635245001,7,1,6,0,0,0,0,0
15000US261635245002,12,8,2,0,0,0,0,2
15000US261635247001,7,3,4,0,0,0,0,0
15000US261635247002,3,3,0,0,0,0,0,0
15000US261635247003,8,1,6,0,0,0,1,0
15000US261635247004,32,4,28,0,0,0,0,0
15000US261635247005,36,5,31,0,0,0,0,0
15000US261635247006,90,4,82,1,1,0,0,2
15000US261635248001,14,3,11,0,0,0,0,0
15000US261635248002,16,3,13,0,0,0,0,0
15000US261635248003,9,3,6,0,0,0,0,0
15000US261635248004,15,6,9,0,0,0,0,0
15000US261635248005,6,3,3,0,0,0,0,0
15000US261635249001,26,1,25,0,0,0,0,0
15000US261635249002,14,2,12,0,0,0,0,0
15000US261635250001,1,1,0,0,0,0,0,0
15000US261635250002,13,10,3,0,0,0,0,0
15000US261635250003,5,2,1,0,0,1,0,1
15000US261635254001,3,0,3,0,0,0,0,0
15000US261635254002,6,0,5,0,0,0,1,0
15000US261635254003,9,2,7,0,0,0,0,0
15000US261635255001,8,0,7,0,0,0,0,1
15000US261635255002,6,5,1,0,0,0,0,0
15000US261635256001,3,2,0,1,0,0,0,0
15000US261635256002,3,2,1,0,0,0,0,0
15000US261635257001,13,6,7,0,0,0,0,0
15000US261635257002,5,0,5,0,0,0,0,0
15000US261635257003,14,6,6,0,0,0,0,2
15000US261635257004,8,1,7,0,0,0,0,0
15000US261635258001,8,3,5,0,0,0,0,0
15000US261635258002,8,3,5,0,0,0,0,0
15000US261635260001,13,5,5,0,0,0,0,3
15000US261635260002,14,7,5,0,1,0,0,1
15000US261635261001,23,1,22,0,0,0,0,0
15000US261635261002,26,2,24,0,0,0,0,0
15000US261635262001,1,1,0,0,0,0,0,0
15000US261635262002,2,0,1,1,0,0,0,0
15000US261635262003,24,2,22,0,0,0,0,0
15000US261635263001,11,0,11,0,0,0,0,0
15000US261635263002,1,1,0,0,0,0,0,0
15000US261635263003,9,2,6,0,0,0,0,1
15000US261635264001,18,2,16,0,0,0,0,0
15000US261635264002,2,2,0,0,0,0,0,0
15000US261635265001,4,1,3,0,0,0,0,0
15000US261635265002,14,5,7,0,0,0,0,2
15000US261635265003,3,1,2,0,0,0,0,0
15000US261635272001,8,0,8,0,0,0,0,0
15000US261635272002,0,0,0,0,0,0,0,0
15000US261635273001,11,1,10,0,0,0,0,0
15000US261635273002,11,2,9,0,0,0,0,0
15000US261635301001,13,7,6,0,0,0,0,0
15000US261635301002,7,1,6,0,0,0,0,0
15000US261635301003,8,6,2,0,0,0,0,0
15000US261635301004,0,0,0,0,0,0,0,0
15000US261635302001,11,10,0,0,0,1,0,0
15000US261635302002,10,10,0,0,0,0,0,0
15000US261635302003,5,0,5,0,0,0,0,0
15000US261635302004,11,3,6,0,0,1,0,1
15000US261635302005,6,1,5,0,0,0,0,0
15000US261635303001,10,4,5,0,0,0,0,1
15000US261635303002,7,3,4,0,0,0,0,0
15000US261635303003,7,1,6,0,0,0,0,0
15000US261635304001,3,1,2,0,0,0,0,0
15000US261635304002,4,4,0,0,0,0,0,0
15000US261635305001,3,2,0,0,0,0,0,1
15000US261635305002,5,5,0,0,0,0,0,0
15000US261635305003,4,1,0,0,0,0,0,2
15000US261635308001,5,3,2,0,0,0,0,0
15000US261635308002,2,2,0,0,0,0,0,0
15000US261635308003,4,2,2,0,0,0,0,0
15000US261635308004,4,2,2,0,0,0,0,0
15000US261635309001,4,2,2,0,0,0,0,0
15000US261635309002,3,0,3,0,0,0,0,0
15000US261635309003,8,6,2,0,0,0,0,0
15000US261635311001,5,4,0,0,0,0,0,1
15000US261635311002,7,3,4,0,0,0,0,0
15000US261635312001,21,18,1,2,0,0,0,0
15000US261635312002,11,10,0,1,0,0,0,0
15000US261635312003,21,16,2,3,0,0,0,0
15000US261635313001,4,2,2,0,0,0,0,0
15000US261635313002,3,2,1,0,0,0,0,0
15000US261635314001,2,1,1,0,0,0,0,0
15000US261635314002,7,5,2,0,0,0,0,0
15000US261635315001,3,1,2,0,0,0,0,0
15000US261635315002,2,0,2,0,0,0,0,0
15000US261635315003,7,1,6,0,0,0,0,0
15000US261635315004,3,1,1,1,0,0,0,0
15000US261635316001,10,5,4,0,0,0,0,1
15000US261635316002,9,3,6,0,0,0,0,0
15000US261635317001,13,6,4,1,0,1,0,1
15000US261635317002,11,3,8,0,0,0,0,0
15000US261635318001,4,2,2,0,0,0,0,0
15000US261635318002,6,1,5,0,0,0,0,0
15000US261635318003,2,0,0,0,0,0,0,2
15000US261635319001,9,1,8,0,0,0,0,0
15000US261635319002,4,3,1,0,0,0,0,0
15000US261635322001,8,4,2,0,0,1,0,1
15000US261635322002,11,8,3,0,0,0,0,0
15000US261635323001,12,9,1,2,0,0,0,0
15000US261635324001,7,7,0,0,0,0,0,0
15000US261635324002,10,6,1,0,0,0,2,1
15000US261635324003,5,4,1,0,0,0,0,0
15000US261635326001,4,4,0,0,0,0,0,0
15000US261635326002,2,2,0,0,0,0,0,0
15000US261635326003,10,9,0,0,0,0,0,1
15000US261635327001,3,3,0,0,0,0,0,0
15000US261635327002,0,0,0,0,0,0,0,0
15000US261635330001,1,1,0,0,0,0,0,0
15000US261635330002,3,3,0,0,0,0,0,0
15000US261635331001,1,0,0,1,0,0,0,0
15000US261635331002,3,3,0,0,0,0,0,0
15000US261635331003,3,3,0,0,0,0,0,0
15000US261635332001,1,0,1,0,0,0,0,0
15000US261635332002,15,1,11,0,2,0,0,1
15000US261635332003,3,0,3,0,0,0,0,0
15000US261635333001,2,1,0,0,0,0,0,1
15000US261635333002,10,6,4,0,0,0,0,0
15000US261635334001,5,2,3,0,0,0,0,0
15000US261635334002,9,3,5,0,0,1,0,0
15000US261635334003,5,0,5,0,0,0,0,0
15000US261635334004,5,1,4,0,0,0,0,0
15000US261635334005,6,0,6,0,0,0,0,0
15000US261635335001,7,3,4,0,0,0,0,0
15000US261635335002,2,2,0,0,0,0,0,0
15000US261635336001,2,0,2,0,0,0,0,0
15000US261635336002,2,0,1,0,0,0,0,1
15000US261635336003,15,4,11,0,0,0,0,0
15000US261635337001,5,3,2,0,0,0,0,0
15000US261635337002,2,0,1,0,0,0,0,1
15000US261635339001,7,7,0,0,0,0,0,0
15000US261635339002,4,3,0,1,0,0,0,0
15000US261635339003,29,26,0,0,1,2,0,0
15000US261635341001,5,3,2,0,0,0,0,0
15000US261635341002,2,1,0,0,1,0,0,0
15000US261635341003,4,3,1,0,0,0,0,0
15000US261635342001,5,4,1,0,0,0,0,0
15000US261635342002,16,2,14,0,0,0,0,0
15000US261635342003,17,3,12,2,0,0,0,0
15000US261635342004,16,0,16,0,0,0,0,0
15000US261635342005,16,6,10,0,0,0,0,0
15000US261635343001,23,3,20,0,0,0,0,0
15000US261635343002,12,3,9,0,0,0,0,0
15000US261635344001,14,2,12,0,0,0,0,0
15000US261635344002,11,3,6,1,0,0,0,1
15000US261635345001,7,0,7,0,0,0,0,0
15000US261635345002,8,4,4,0,0,0,0,0
15000US261635346001,1,1,0,0,0,0,0,0
15000US261635346002,5,5,0,0,0,0,0,0
15000US261635346003,1,0,1,0,0,0,0,0
15000US261635347001,2,2,0,0,0,0,0,0
15000US261635347002,5,4,1,0,0,0,0,0
15000US261635347003,7,6,1,0,0,0,0,0
15000US261635347004,12,6,6,0,0,0,0,0
15000US261635350001,3,3,0,0,0,0,0,0
15000US261635350002,30,8,21,0,0,0,0,1
15000US261635350003,33,3,30,0,0,0,0,0
15000US261635351001,10,2,6,0,0,0,0,2
15000US261635351002,15,4,8,0,0,1,0,2
15000US261635352001,10,4,6,0,0,0,0,0
15000US261635352002,13,1,9,0,0,0,1,2
15000US261635352003,3,3,0,0,0,0,0,0
15000US261635352004,7,3,4,0,0,0,0,0
15000US261635353001,11,9,2,0,0,0,0,0
15000US261635353002,8,8,0,0,0,0,0,0
15000US261635353003,6,4,2,0,0,0,0,0
15000US261635353004,3,3,0,0,0,0,0,0
15000US261635353005,10,9,0,0,0,0,0,1
15000US261635354001,32,8,21,1,1,0,0,1
15000US261635354002,12,1,11,0,0,0,0,0
15000US261635355001,9,9,0,0,0,0,0,0
15000US261635355002,8,2,4,0,0,2,0,0
15000US261635355003,12,9,3,0,0,0,0,0
15000US261635356001,17,10,0,1,4,1,1,0
15000US261635356002,8,8,0,0,0,0,0,0
15000US261635356003,5,4,1,0,0,0,0,0
15000US261635356004,12,11,1,0,0,0,0,0
15000US261635357001,19,8,11,0,0,0,0,0
15000US261635357002,24,4,20,0,0,0,0,0
15000US261635361001,11,4,4,0,0,3,0,0
15000US261635361002,28,16,9,2,0,0,0,1
15000US261635361003,17,13,3,1,0,0,0,0
15000US261635361004,6,5,1,0,0,0,0,0
15000US261635362001,6,3,0,0,0,2,0,1
15000US261635362002,9,9,0,0,0,0,0,0
15000US261635363001,4,2,2,0,0,0,0,0
15000US261635363002,5,0,4,0,0,0,0,1
15000US261635363003,2,0,2,0,0,0,0,0
15000US261635363004,2,1,1,0,0,0,0,0
15000US261635363005,3,2,0,0,0,0,0,1
15000US261635363006,10,3,5,0,0,2,0,0
15000US261635364001,4,2,2,0,0,0,0,0
15000US261635364002,3,2,1,0,0,0,0,0
15000US261635364003,5,3,2,0,0,0,0,0
15000US261635364004,9,2,7,0,0,0,0,0
15000US261635365001,13,5,5,0,0,2,0,1
15000US261635365002,2,0,2,0,0,0,0,0
15000US261635365003,5,2,2,0,0,0,0,1
15000US261635365004,8,8,0,0,0,0,0,0
15000US261635366001,3,0,2,0,0,0,0,1
15000US261635366002,6,2,4,0,0,0,0,0
15000US261635366003,0,0,0,0,0,0,0,0
15000US261635366004,12,4,7,1,0,0,0,0
15000US261635366005,7,3,2,0,2,0,0,0
15000US261635367001,5,1,2,1,0,0,0,1
15000US261635367002,2,1,0,0,0,0,1,0
15000US261635368001,5,1,2,0,1,1,0,0
15000US261635368002,8,5,2,0,0,1,0,0
15000US261635369001,6,2,4,0,0,0,0,0
15000US261635369002,5,1,2,0,0,0,0,2
15000US261635369003,8,3,4,0,0,0,1,0
15000US261635369004,2,2,0,0,0,0,0,0
15000US261635370001,7,5,1,0,1,0,0,0
15000US261635370002,10,3,4,1,1,1,0,0
15000US261635370003,7,3,3,0,0,0,0,1
15000US261635371001,8,2,1,0,0,2,0,3
15000US261635371002,1,1,0,0,0,0,0,0
15000US261635371003,4,2,2,0,0,0,0,0
15000US261635372001,3,1,2,0,0,0,0,0
15000US261635372002,12,6,2,0,0,1,0,3
15000US261635373001,6,1,5,0,0,0,0,0
15000US261635373002,2,2,0,0,0,0,0,0
15000US261635373003,12,4,8,0,0,0,0,0
15000US261635373004,2,0,2,0,0,0,0,0
15000US261635375001,6,4,2,0,0,0,0,0
15000US261635375002,5,3,2,0,0,0,0,0
15000US261635375003,2,1,1,0,0,0,0,0
15000US261635375004,5,5,0,0,0,0,0,0
15000US261635375005,2,1,0,1,0,0,0,0
15000US261635376001,5,2,3,0,0,0,0,0
15000US261635376002,17,8,5,0,3,0,0,1
15000US261635376003,22,13,7,1,1,0,0,0
15000US261635377001,10,7,3,0,0,0,0,0
15000US261635377002,12,3,9,0,0,0,0,0
15000US261635377003,9,6,3,0,0,0,0,0
15000US261635378001,11,6,4,0,1,0,0,0
15000US261635378002,5,3,1,0,0,0,0,1
15000US261635378003,8,1,7,0,0,0,0,0
15000US261635381001,27,25,0,0,0,0,0,2
15000US261635381002,15,14,1,0,0,0,0,0
15000US261635382001,15,14,0,0,0,0,0,1
15000US261635382002,17,13,1,2,0,0,0,1
15000US261635383001,2,2,0,0,0,0,0,0
15000US261635383002,6,3,0,0,0,0,1,2
15000US261635384001,14,14,0,0,0,0,0,0
15000US261635384002,19,14,1,2,0,1,1,0
15000US261635384003,16,15,0,1,0,0,0,0
15000US261635384004,8,6,0,1,0,0,0,0
15000US261635385001,9,9,0,0,0,0,0,0
15000US261635385002,8,6,0,1,0,0,0,1
15000US261635385003,0,0,0,0,0,0,0,0
15000US261635385004,6,6,0,0,0,0,0,0
15000US261635385005,11,9,0,1,1,0,0,0
15000US261635385006,2,1,0,0,0,0,0,1
15000US261635385007,8,8,0,0,0,0,0,0
15000US261635386001,7,7,0,0,0,0,0,0
15000US261635386002,8,8,0,0,0,0,0,0
15000US261635386003,6,5,0,1,0,0,0,0
15000US261635386004,9,8,0,1,0,0,0,0
15000US261635386005,6,6,0,0,0,0,0,0
15000US261635386006,4,4,0,0,0,0,0,0
15000US261635387001,6,5,1,0,0,0,0,0
15000US261635387002,5,5,0,0,0,0,0,0
15000US261635387003,12,8,1,1,1,0,1,0
15000US261635388001,8,7,0,1,0,0,0,0
15000US261635388002,4,4,0,0,0,0,0,0
15000US261635389001,3,3,0,0,0,0,0,0
15000US261635389002,10,9,1,0,0,0,0,0
15000US261635389003,16,14,0,1,0,0,0,1
15000US261635389004,4,4,0,0,0,0,0,0
15000US261635390001,14,4,10,0,0,0,0,0
15000US261635390002,7,3,4,0,0,0,0,0
15000US261635390003,15,8,7,0,0,0,0,0
15000US261635390004,9,2,6,0,0,0,0,1
15000US261635391001,16,8,7,0,0,1,0,0
15000US261635391002,10,5,4,0,0,1,0,0
15000US261635392001,2,2,0,0,0,0,0,0
15000US261635392002,10,7,0,0,1,0,0,2
15000US261635392003,14,14,0,0,0,0,0,0
15000US261635392004,6,4,2,0,0,0,0,0
15000US261635392005,1,1,0,0,0,0,0,0
15000US261635392006,21,16,1,2,0,1,0,1
15000US261635393001,11,10,0,0,1,0,0,0
15000US261635393002,7,7,0,0,0,0,0,0
15000US261635393003,5,2,0,1,1,0,0,1
15000US261635393004,11,10,1,0,0,0,0,0
15000US261635394001,15,14,0,0,0,0,0,1
15000US261635394002,7,6,1,0,0,0,0,0
15000US261635394003,19,13,0,0,0,4,0,2
15000US261635395001,6,2,0,1,0,0,0,3
15000US261635395002,19,13,1,1,0,1,1,2
15000US261635395003,6,5,0,0,0,0,0,1
15000US261635395004,9,6,1,0,0,0,0,2
15000US261635396001,9,7,0,1,1,0,0,0
15000US261635396002,8,5,2,0,0,0,1,0
15000US261635396003,10,8,0,0,1,0,0,1
15000US261635397001,12,9,2,0,0,1,0,0
15000US261635397002,13,9,2,1,0,0,1,0
15000US261635401001,17,14,3,0,0,0,0,0
15000US261635401002,4,3,0,0,0,0,0,1
15000US261635401003,3,3,0,0,0,0,0,0
15000US261635401004,3,3,0,0,0,0,0,0
15000US261635402001,4,3,1,0,0,0,0,0
15000US261635402002,5,4,0,0,0,0,0,1
15000US261635402003,5,2,3,0,0,0,0,0
15000US261635402004,1,0,1,0,0,0,0,0
15000US261635402005,5,1,4,0,0,0,0,0
15000US261635402006,6,1,4,0,0,0,0,1
15000US261635403001,3,0,3,0,0,0,0,0
15000US261635403002,10,5,1,1,0,0,0,3
15000US261635403003,7,5,1,0,1,0,0,0
15000US261635403004,4,4,0,0,0,0,0,0
15000US261635403005,18,13,2,1,0,1,0,1
15000US261635404001,11,6,2,1,0,0,0,2
15000US261635404002,4,2,2,0,0,0,0,0
15000US261635404003,10,2,8,0,0,0,0,0
15000US261635404004,8,5,3,0,0,0,0,0
15000US261635405001,16,15,0,0,0,0,0,1
15000US261635405002,2,0,2,0,0,0,0,0
15000US261635405003,6,6,0,0,0,0,0,0
15000US261635405004,10,2,7,0,0,0,0,1
15000US261635406001,7,0,6,0,1,0,0,0
15000US261635406002,10,1,9,0,0,0,0,0
15000US261635406003,10,9,1,0,0,0,0,0
15000US261635406004,8,7,1,0,0,0,0,0
15000US261635407001,18,1,17,0,0,0,0,0
15000US261635407002,12,6,6,0,0,0,0,0
15000US261635407003,6,2,2,0,0,0,0,2
15000US261635407004,3,2,1,0,0,0,0,0
15000US261635408001,17,10,7,0,0,0,0,0
15000US261635408002,16,9,6,0,0,0,0,1
15000US261635409001,15,12,0,0,1,2,0,0
15000US261635409002,9,2,1,0,0,4,0,2
15000US261635409003,11,9,2,0,0,0,0,0
15000US261635409004,14,13,1,0,0,0,0,0
15000US261635410001,18,6,9,0,0,3,0,0
15000US261635410002,19,7,12,0,0,0,0,0
15000US261635410003,19,8,10,0,1,0,0,0
15000US261635411001,13,0,12,0,0,0,0,1
15000US261635411002,18,3,15,0,0,0,0,0
15000US261635411003,25,3,22,0,0,0,0,0
15000US261635411004,11,2,9,0,0,0,0,0
15000US261635411005,9,1,8,0,0,0,0,0
15000US261635412001,6,1,5,0,0,0,0,0
15000US261635412002,7,1,6,0,0,0,0,0
15000US261635412003,8,1,3,0,0,4,0,0
15000US261635412004,7,0,6,1,0,0,0,0
15000US261635413001,6,3,3,0,0,0,0,0
15000US261635413002,11,3,5,0,0,0,0,3
15000US261635413003,4,1,0,3,0,0,0,0
15000US261635414001,4,3,0,0,0,0,1,0
15000US261635414002,8,4,2,1,0,0,0,1
15000US261635414003,19,7,10,0,0,0,0,2
15000US261635415001,11,9,0,0,0,1,0,1
15000US261635415002,11,4,6,0,0,0,0,1
15000US261635415003,6,5,1,0,0,0,0,0
15000US261635415004,15,14,0,0,1,0,0,0
15000US261635417001,6,6,0,0,0,0,0,0
15000US261635417002,4,2,1,0,0,0,1,0
15000US261635418001,13,3,9,0,1,0,0,0
15000US261635418002,21,16,3,0,0,0,1,1
15000US261635421001,11,10,0,0,1,0,0,0
15000US261635421002,3,2,0,1,0,0,0,0
15000US261635421003,9,5,4,0,0,0,0,0
15000US261635421004,13,12,1,0,0,0,0,0
15000US261635421005,5,5,0,0,0,0,0,0
15000US261635421006,3,3,0,0,0,0,0,0
15000US261635422001,6,4,1,0,0,0,0,1
15000US261635422002,3,3,0,0,0,0,0,0
15000US261635422003,10,6,3,1,0,0,0,0
15000US261635422004,10,9,0,1,0,0,0,0
15000US261635422005,6,4,2,0,0,0,0,0
15000US261635423001,7,3,3,0,0,0,0,1
15000US261635423002,4,2,2,0,0,0,0,0
15000US261635423003,5,3,2,0,0,0,0,0
15000US261635424001,11,2,7,0,0,0,0,2
15000US261635424002,2,1,1,0,0,0,0,0
15000US261635424003,5,1,3,1,0,0,0,0
15000US261635425001,9,7,0,2,0,0,0,0
15000US261635425002,9,5,2,1,1,0,0,0
15000US261635425003,12,9,1,1,0,0,1,0
15000US261635426001,7,4,1,0,0,0,1,1
15000US261635426002,6,5,0,0,1,0,0,0
15000US261635426003,1,0,1,0,0,0,0,0
15000US261635426004,7,4,3,0,0,0,0,0
15000US261635427001,28,6,21,1,0,0,0,0
15000US261635428001,8,8,0,0,0,0,0,0
15000US261635428002,16,12,1,1,2,0,0,0
15000US261635428003,6,6,0,0,0,0,0,0
15000US261635429001,12,8,0,0,0,1,0,3
15000US261635429002,15,13,0,1,0,0,1,0
15000US261635429003,9,9,0,0,0,0,0,0
15000US261635429004,3,3,0,0,0,0,0,0
15000US261635430001,22,17,0,0,0,2,0,3
15000US261635430002,19,18,0,0,1,0,0,0
15000US261635431001,20,14,0,2,0,0,0,4
15000US261635431002,17,16,0,0,0,0,0,1
15000US261635432001,13,12,1,0,0,0,0,0
15000US261635432002,12,7,5,0,0,0,0,0
15000US261635432003,15,5,8,1,0,0,0,1
15000US261635434001,4,3,1,0,0,0,0,0
15000US261635434002,8,6,0,1,0,0,0,1
15000US261635434003,2,1,0,1,0,0,0,0
15000US261635435001,8,0,8,0,0,0,0,0
15000US261635435002,10,3,7,0,0,0,0,0
15000US261635436001,22,2,20,0,0,0,0,0
15000US261635436002,12,2,9,0,0,0,0,1
15000US261635436003,23,1,22,0,0,0,0,0
15000US261635437001,6,0,6,0,0,0,0,0
15000US261635437002,14,1,13,0,0,0,0,0
15000US261635437003,24,3,21,0,0,0,0,0
15000US261635438001,11,1,10,0,0,0,0,0
15000US261635438002,8,3,5,0,0,0,0,0
15000US261635439001,6,1,5,0,0,0,0,0
15000US261635439002,12,3,9,0,0,0,0,0
15000US261635440001,4,4,0,0,0,0,0,0
15000US261635440002,7,7,0,0,0,0,0,0
15000US261635441001,6,6,0,0,0,0,0,0
15000US261635441002,20,3,17,0,0,0,0,0
15000US261635441003,3,2,0,0,0,0,0,1
15000US261635442001,5,3,2,0,0,0,0,0
15000US261635442002,9,3,6,0,0,0,0,0
15000US261635442003,11,3,8,0,0,0,0,0
15000US261635443001,6,2,3,0,0,0,0,1
15000US261635443002,6,1,2,0,0,1,0,2
15000US261635443003,12,8,3,0,0,0,0,1
15000US261635451001,2,2,0,0,0,0,0,0
15000US261635451002,4,1,2,0,0,0,0,1
15000US261635451003,13,1,10,0,0,2,0,0
15000US261635452001,8,5,2,0,0,0,1,0
15000US261635452002,10,3,6,0,0,0,0,1
15000US261635452003,24,7,16,0,1,0,0,0
15000US261635452004,9,4,5,0,0,0,0,0
15000US261635453001,5,1,1,0,0,2,0,1
15000US261635453002,4,0,3,1,0,0,0,0
15000US261635453003,3,2,1,0,0,0,0,0
15000US261635454001,6,4,2,0,0,0,0,0
15000US261635455001,7,1,6,0,0,0,0,0
15000US261635455002,7,1,6,0,0,0,0,0
15000US261635455003,10,1,7,0,0,1,0,1
15000US261635455004,9,3,6,0,0,0,0,0
15000US261635455005,14,5,9,0,0,0,0,0
15000US261635455006,4,2,2,0,0,0,0,0
15000US261635456001,5,1,4,0,0,0,0,0
15000US261635456002,6,4,1,0,0,0,0,1
15000US261635456003,6,4,2,0,0,0,0,0
15000US261635456004,4,3,1,0,0,0,0,0
15000US261635456005,3,2,1,0,0,0,0,0
15000US261635457001,11,8,2,1,0,0,0,0
15000US261635457002,8,5,2,0,0,1,0,0
15000US261635458001,10,2,7,1,0,0,0,0
15000US261635458002,6,1,5,0,0,0,0,0
15000US261635458003,12,3,9,0,0,0,0,0
15000US261635458004,18,5,13,0,0,0,0,0
15000US261635458005,13,4,8,1,0,0,0,0
15000US261635459001,14,4,9,0,0,0,0,1
15000US261635459002,10,2,6,0,0,0,0,2
15000US261635459003,8,3,5,0,0,0,0,0
15000US261635459004,11,3,8,0,0,0,0,0
15000US261635459005,8,2,3,1,0,1,0,1
15000US261635460001,30,1,29,0,0,0,0,0
15000US261635460002,21,0,21,0,0,0,0,0
15000US261635460003,20,6,14,0,0,0,0,0
15000US261635460004,12,0,12,0,0,0,0,0
15000US261635460005,9,1,8,0,0,0,0,0
15000US261635461001,12,1,11,0,0,0,0,0
15000US261635461002,10,4,6,0,0,0,0,0
15000US261635461003,2,1,1,0,0,0,0,0
15000US261635461004,15,4,11,0,0,0,0,0
15000US261635461005,10,2,8,0,0,0,0,0
15000US261635462001,4,2,0,0,0,0,1,1
15000US261635462002,9,8,1,0,0,0,0,0
15000US261635462003,15,13,0,1,0,0,1,0
15000US261635462004,6,5,1,0,0,0,0,0
15000US261635463001,4,4,0,0,0,0,0,0
15000US261635463002,5,4,0,0,0,0,0,1
15000US261635464001,10,1,8,0,0,0,0,1
15000US261635464002,11,4,7,0,0,0,0,0
15000US261635465001,6,6,0,0,0,0,0,0
15000US261635465002,8,5,0,3,0,0,0,0
15000US261635466001,1,0,1,0,0,0,0,0
15000US261635466002,2,0,2,0,0,0,0,0
15000US261635466003,8,2,6,0,0,0,0,0
15000US261635467001,0,0,0,0,0,0,0,0
15000US261635467002,9,4,5,0,0,0,0,0
15000US261635467003,9,7,1,0,0,1,0,0
15000US261635467004,4,2,2,0,0,0,0,0
15000US261635467005,6,6,0,0,0,0,0,0
15000US261635468001,17,1,16,0,0,0,0,0
15000US261635468002,1,0,0,0,0,0,0,1
15000US261635468003,7,7,0,0,0,0,0,0
15000US261635468004,9,6,2,0,0,0,1,0
15000US261635469001,13,6,4,1,0,1,0,1
15000US261635501001,0,0,0,0,0,0,0,0
15000US261635501002,0,0,0,0,0,0,0,0
15000US261635501003,0,0,0,0,0,0,0,0
15000US261635501004,0,0,0,0,0,0,0,0
15000US261635501005,0,0,0,0,0,0,0,0
15000US261635502001,0,0,0,0,0,0,0,0
15000US261635502002,0,0,0,0,0,0,0,0
15000US261635502003,0,0,0,0,0,0,0,0
15000US261635503001,0,0,0,0,0,0,0,0
15000US261635503002,0,0,0,0,0,0,0,0
15000US261635504001,0,0,0,0,0,0,0,0
15000US261635504002,0,0,0,0,0,0,0,0
15000US261635505001,0,0,0,0,0,0,0,0
15000US261635505002,0,0,0,0,0,0,0,0
15000US261635505003,0,0,0,0,0,0,0,0
15000US261635506001,0,0,0,0,0,0,0,0
15000US261635506002,0,0,0,0,0,0,0,0
15000US261635506003,0,0,0,0,0,0,0,0
15000US261635507001,0,0,0,0,0,0,0,0
15000US261635507002,0,0,0,0,0,0,0,0
15000US261635507003,0,0,0,0,0,0,0,0
15000US261635507004,0,0,0,0,0,0,0,0
15000US261635507005,0,0,0,0,0,0,0,0
15000US261635507006,0,0,0,0,0,0,0,0
15000US261635508001,0,0,0,0,0,0,0,0
15000US261635508002,0,0,0,0,0,0,0,0
15000US261635509001,0,0,0,0,0,0,0,0
15000US261635509002,0,0,0,0,0,0,0,0
15000US261635509003,0,0,0,0,0,0,0,0
15000US261635511001,0,0,0,0,0,0,0,0
15000US261635511002,0,0,0,0,0,0,0,0
15000US261635511003,0,0,0,0,0,0,0,0
15000US261635511004,0,0,0,0,0,0,0,0
15000US261635512001,0,0,0,0,0,0,0,0
15000US261635512002,0,0,0,0,0,0,0,0
15000US261635512003,0,0,0,0,0,0,0,0
15000US261635512004,0,0,0,0,0,0,0,0
15000US261635512005,0,0,0,0,0,0,0,0
15000US261635513001,0,0,0,0,0,0,0,0
15000US261635513002,0,0,0,0,0,0,0,0
15000US261635513003,0,0,0,0,0,0,0,0
15000US261635513004,0,0,0,0,0,0,0,0
15000US261635514001,0,0,0,0,0,0,0,0
15000US261635514002,0,0,0,0,0,0,0,0
15000US261635514003,0,0,0,0,0,0,0,0
15000US261635514004,0,0,0,0,0,0,0,0
15000US261635515001,0,0,0,0,0,0,0,0
15000US261635515002,0,0,0,0,0,0,0,0
15000US261635516001,0,0,0,0,0,0,0,0
15000US261635516002,0,0,0,0,0,0,0,0
15000US261635516003,0,0,0,0,0,0,0,0
15000US261635517001,0,0,0,0,0,0,0,0
15000US261635517002,0,0,0,0,0,0,0,0
15000US261635517003,0,0,0,0,0,0,0,0
15000US261635518001,0,0,0,0,0,0,0,0
15000US261635518002,0,0,0,0,0,0,0,0
15000US261635518003,0,0,0,0,0,0,0,0
15000US261635520001,0,0,0,0,0,0,0,0
15000US261635520002,0,0,0,0,0,0,0,0
15000US261635521001,0,0,0,0,0,0,0,0
15000US261635521002,0,0,0,0,0,0,0,0
15000US261635521003,0,0,0,0,0,0,0,0
15000US261635521004,0,0,0,0,0,0,0,0
15000US261635521005,0,0,0,0,0,0,0,0
15000US261635522001,0,0,0,0,0,0,0,0
15000US261635522002,0,0,0,0,0,0,0,0
15000US261635522003,0,0,0,0,0,0,0,0
15000US261635523001,0,0,0,0,0,0,0,0
15000US261635523002,0,0,0,0,0,0,0,0
15000US261635523003,0,0,0,0,0,0,0,0
15000US261635524001,0,0,0,0,0,0,0,0
15000US261635524002,0,0,0,0,0,0,0,0
15000US261635528001,0,0,0,0,0,0,0,0
15000US261635528002,0,0,0,0,0,0,0,0
15000US261635528003,0,0,0,0,0,0,0,0
15000US261635528004,0,0,0,0,0,0,0,0
15000US261635528005,0,0,0,0,0,0,0,0
15000US261635530001,0,0,0,0,0,0,0,0
15000US261635530002,0,0,0,0,0,0,0,0
15000US261635531001,0,0,0,0,0,0,0,0
15000US261635531002,0,0,0,0,0,0,0,0
15000US261635531003,0,0,0,0,0,0,0,0
15000US261635532001,0,0,0,0,0,0,0,0
15000US261635532002,0,0,0,0,0,0,0,0
15000US261635533001,0,0,0,0,0,0,0,0
15000US261635533002,0,0,0,0,0,0,0,0
15000US261635534001,0,0,0,0,0,0,0,0
15000US261635534002,0,0,0,0,0,0,0,0
15000US261635536001,0,0,0,0,0,0,0,0
15000US261635536002,0,0,0,0,0,0,0,0
15000US261635536003,0,0,0,0,0,0,0,0
15000US261635538001,0,0,0,0,0,0,0,0
15000US261635538002,0,0,0,0,0,0,0,0
15000US261635538003,0,0,0,0,0,0,0,0
15000US261635541001,0,0,0,0,0,0,0,0
15000US261635541002,0,0,0,0,0,0,0,0
15000US261635541003,0,0,0,0,0,0,0,0
15000US261635541004,0,0,0,0,0,0,0,0
15000US261635542001,0,0,0,0,0,0,0,0
15000US261635542002,0,0,0,0,0,0,0,0
15000US261635542003,0,0,0,0,0,0,0,0
15000US261635542004,0,0,0,0,0,0,0,0
15000US261635543001,0,0,0,0,0,0,0,0
15000US261635543002,0,0,0,0,0,0,0,0
15000US261635543003,0,0,0,0,0,0,0,0
15000US261635543004,0,0,0,0,0,0,0,0
15000US261635543005,0,0,0,0,0,0,0,0
15000US261635544001,0,0,0,0,0,0,0,0
15000US261635544002,0,0,0,0,0,0,0,0
15000US261635544003,0,0,0,0,0,0,0,0
15000US261635544004,0,0,0,0,0,0,0,0
15000US261635545001,0,0,0,0,0,0,0,0
15000US261635545002,0,0,0,0,0,0,0,0
15000US261635546001,0,0,0,0,0,0,0,0
15000US261635546002,0,0,0,0,0,0,0,0
15000US261635546003,0,0,0,0,0,0,0,0
15000US261635546004,0,0,0,0,0,0,0,0
15000US261635547001,0,0,0,0,0,0,0,0
15000US261635547002,0,0,0,0,0,0,0,0
15000US261635547003,0,0,0,0,0,0,0,0
15000US261635548001,0,0,0,0,0,0,0,0
15000US261635548002,0,0,0,0,0,0,0,0
15000US261635548003,0,0,0,0,0,0,0,0
15000US261635548004,0,0,0,0,0,0,0,0
15000US261635549001,0,0,0,0,0,0,0,0
15000US261635549002,0,0,0,0,0,0,0,0
15000US261635549003,0,0,0,0,0,0,0,0
15000US261635551001,0,0,0,0,0,0,0,0
15000US261635551002,0,0,0,0,0,0,0,0
15000US261635551003,0,0,0,0,0,0,0,0
15000US261635551004,0,0,0,0,0,0,0,0
15000US261635553001,0,0,0,0,0,0,0,0
15000US261635553002,0,0,0,0,0,0,0,0
15000US261635554001,0,0,0,0,0,0,0,0
15000US261635554002,0,0,0,0,0,0,0,0
15000US261635554003,0,0,0,0,0,0,0,0
15000US261635555001,0,0,0,0,0,0,0,0
15000US261635555002,0,0,0,0,0,0,0,0
15000US261635556001,0,0,0,0,0,0,0,0
15000US261635556002,0,0,0,0,0,0,0,0
15000US261635561001,0,0,0,0,0,0,0,0
15000US261635561002,0,0,0,0,0,0,0,0
15000US261635561003,0,0,0,0,0,0,0,0
15000US261635561004,0,0,0,0,0,0,0,0
15000US261635562001,0,0,0,0,0,0,0,0
15000US261635562002,0,0,0,0,0,0,0,0
15000US261635562003,0,0,0,0,0,0,0,0
15000US261635563001,0,0,0,0,0,0,0,0
15000US261635563002,0,0,0,0,0,0,0,0
15000US261635563003,0,0,0,0,0,0,0,0
15000US261635564001,0,0,0,0,0,0,0,0
15000US261635564002,0,0,0,0,0,0,0,0
15000US261635564003,0,0,0,0,0,0,0,0
15000US261635565001,0,0,0,0,0,0,0,0
15000US261635566001,0,0,0,0,0,0,0,0
15000US261635566002,0,0,0,0,0,0,0,0
15000US261635566003,0,0,0,0,0,0,0,0
15000US261635567001,0,0,0,0,0,0,0,0
15000US261635567002,0,0,0,0,0,0,0,0
15000US261635568001,0,0,0,0,0,0,0,0
15000US261635568002,0,0,0,0,0,0,0,0
15000US261635569001,0,0,0,0,0,0,0,0
15000US261635569002,0,0,0,0,0,0,0,0
15000US261635569003,0,0,0,0,0,0,0,0
15000US261635570001,0,0,0,0,0,0,0,0
15000US261635570002,0,0,0,0,0,0,0,0
15000US261635570003,0,0,0,0,0,0,0,0
15000US261635571001,0,0,0,0,0,0,0,0
15000US261635571002,0,0,0,0,0,0,0,0
15000US261635571003,0,0,0,0,0,0,0,0
15000US261635572001,0,0,0,0,0,0,0,0
15000US261635572002,0,0,0,0,0,0,0,0
15000US261635573001,0,0,0,0,0,0,0,0
15000US261635573002,0,0,0,0,0,0,0,0
15000US261635574001,0,0,0,0,0,0,0,0
15000US261635574002,0,0,0,0,0,0,0,0
15000US261635575001,0,0,0,0,0,0,0,0
15000US261635575002,0,0,0,0,0,0,0,0
15000US261635575003,0,0,0,0,0,0,0,0
15000US261635575004,0,0,0,0,0,0,0,0
15000US261635576001,0,0,0,0,0,0,0,0
15000US261635576002,0,0,0,0,0,0,0,0
15000US261635576003,0,0,0,0,0,0,0,0
15000US261635577001,0,0,0,0,0,0,0,0
15000US261635577002,0,0,0,0,0,0,0,0
15000US261635577003,0,0,0,0,0,0,0,0
15000US261635577004,0,0,0,0,0,0,0,0
15000US261635579001,0,0,0,0,0,0,0,0
15000US261635579002,0,0,0,0,0,0,0,0
15000US261635579003,0,0,0,0,0,0,0,0
15000US261635580001,0,0,0,0,0,0,0,0
15000US261635580002,0,0,0,0,0,0,0,0
15000US261635580003,0,0,0,0,0,0,0,0
15000US261635580004,0,0,0,0,0,0,0,0
15000US261635581001,0,0,0,0,0,0,0,0
15000US261635581002,0,0,0,0,0,0,0,0
15000US261635581003,0,0,0,0,0,0,0,0
15000US261635582001,0,0,0,0,0,0,0,0
15000US261635582002,0,0,0,0,0,0,0,0
15000US261635582003,0,0,0,0,0,0,0,0
15000US261635582004,0,0,0,0,0,0,0,0
15000US261635583001,0,0,0,0,0,0,0,0
15000US261635583002,0,0,0,0,0,0,0,0
15000US261635584001,0,0,0,0,0,0,0,0
15000US261635584002,0,0,0,0,0,0,0,0
15000US261635584003,0,0,0,0,0,0,0,0
15000US261635585001,0,0,0,0,0,0,0,0
15000US261635585002,0,0,0,0,0,0,0,0
15000US261635585003,0,0,0,0,0,0,0,0
15000US261635585004,0,0,0,0,0,0,0,0
15000US261635586001,0,0,0,0,0,0,0,0
15000US261635586002,0,0,0,0,0,0,0,0
15000US261635587001,0,0,0,0,0,0,0,0
15000US261635587002,0,0,0,0,0,0,0,0
15000US261635587003,0,0,0,0,0,0,0,0
15000US261635588001,0,0,0,0,0,0,0,0
15000US261635588002,0,0,0,0,0,0,0,0
15000US261635589001,0,0,0,0,0,0,0,0
15000US261635589002,0,0,0,0,0,0,0,0
15000US261635590001,0,0,0,0,0,0,0,0
15000US261635590002,0,0,0,0,0,0,0,0
15000US261635590003,0,0,0,0,0,0,0,0
15000US261635591001,0,0,0,0,0,0,0,0
15000US261635591002,0,0,0,0,0,0,0,0
15000US261635592001,0,0,0,0,0,0,0,0
15000US261635592002,0,0,0,0,0,0,0,0
15000US261635601001,0,0,0,0,0,0,0,0
15000US261635601002,0,0,0,0,0,0,0,0
15000US261635601003,0,0,0,0,0,0,0,0
15000US261635602001,0,0,0,0,0,0,0,0
15000US261635602002,0,0,0,0,0,0,0,0
15000US261635602003,0,0,0,0,0,0,0,0
15000US261635602004,0,0,0,0,0,0,0,0
15000US261635603001,0,0,0,0,0,0,0,0
15000US261635603002,0,0,0,0,0,0,0,0
15000US261635603003,0,0,0,0,0,0,0,0
15000US261635604001,0,0,0,0,0,0,0,0
15000US261635604002,0,0,0,0,0,0,0,0
15000US261635604003,0,0,0,0,0,0,0,0
15000US261635604004,0,0,0,0,0,0,0,0
15000US261635604005,0,0,0,0,0,0,0,0
15000US261635612001,0,0,0,0,0,0,0,0
15000US261635612002,0,0,0,0,0,0,0,0
15000US261635613001,0,0,0,0,0,0,0,0
15000US261635613002,0,0,0,0,0,0,0,0
15000US261635616001,0,0,0,0,0,0,0,0
15000US261635616002,0,0,0,0,0,0,0,0
15000US261635616003,0,0,0,0,0,0,0,0
15000US261635617001,0,0,0,0,0,0,0,0
15000US261635617002,0,0,0,0,0,0,0,0
15000US261635619001,0,0,0,0,0,0,0,0
15000US261635619002,0,0,0,0,0,0,0,0
15000US261635619003,0,0,0,0,0,0,0,0
15000US261635623001,0,0,0,0,0,0,0,0
15000US261635623002,0,0,0,0,0,0,0,0
15000US261635624001,0,0,0,0,0,0,0,0
15000US261635624002,0,0,0,0,0,0,0,0
15000US261635624003,0,0,0,0,0,0,0,0
15000US261635624004,0,0,0,0,0,0,0,0
15000US261635625001,0,0,0,0,0,0,0,0
15000US261635625002,0,0,0,0,0,0,0,0
15000US261635626001,0,0,0,0,0,0,0,0
15000US261635626002,0,0,0,0,0,0,0,0
15000US261635626003,0,0,0,0,0,0,0,0
15000US261635627001,0,0,0,0,0,0,0,0
15000US261635627002,0,0,0,0,0,0,0,0
15000US261635627003,0,0,0,0,0,0,0,0
15000US261635628001,0,0,0,0,0,0,0,0
15000US261635628002,0,0,0,0,0,0,0,0
15000US261635628003,0,0,0,0,0,0,0,0
15000US261635629001,0,0,0,0,0,0,0,0
15000US261635629002,0,0,0,0,0,0,0,0
15000US261635629003,0,0,0,0,0,0,0,0
15000US261635632001,0,0,0,0,0,0,0,0
15000US261635632002,0,0,0,0,0,0,0,0
15000US261635633001,0,0,0,0,0,0,0,0
15000US261635633002,0,0,0,0,0,0,0,0
15000US261635634001,0,0,0,0,0,0,0,0
15000US261635634002,0,0,0,0,0,0,0,0
15000US261635634003,0,0,0,0,0,0,0,0
15000US261635634004,0,0,0,0,0,0,0,0
15000US261635635001,0,0,0,0,0,0,0,0
15000US261635635002,0,0,0,0,0,0,0,0
15000US261635635003,0,0,0,0,0,0,0,0
15000US261635636001,0,0,0,0,0,0,0,0
15000US261635637001,0,0,0,0,0,0,0,0
15000US261635637002,0,0,0,0,0,0,0,0
15000US261635638001,0,0,0,0,0,0,0,0
15000US261635638002,0,0,0,0,0,0,0,0
15000US261635639001,0,0,0,0,0,0,0,0
15000US261635640001,0,0,0,0,0,0,0,0
15000US261635640002,0,0,0,0,0,0,0,0
15000US261635641001,0,0,0,0,0,0,0,0
15000US261635641002,0,0,0,0,0,0,0,0
15000US261635641003,0,0,0,0,0,0,0,0
15000US261635642001,0,0,0,0,0,0,0,0
15000US261635642002,0,0,0,0,0,0,0,0
15000US261635642003,0,0,0,0,0,0,0,0
15000US261635643001,0,0,0,0,0,0,0,0
15000US261635643002,0,0,0,0,0,0,0,0
15000US261635644011,0,0,0,0,0,0,0,0
15000US261635644012,0,0,0,0,0,0,0,0
15000US261635644021,0,0,0,0,0,0,0,0
15000US261635645011,0,0,0,0,0,0,0,0
15000US261635645021,0,0,0,0,0,0,0,0
15000US261635645022,0,0,0,0,0,0,0,0
15000US261635645031,0,0,0,0,0,0,0,0
15000US261635645032,0,0,0,0,0,0,0,0
15000US261635645041,0,0,0,0,0,0,0,0
15000US261635646001,0,0,0,0,0,0,0,0
15000US261635646002,0,0,0,0,0,0,0,0
15000US261635646003,0,0,0,0,0,0,0,0
15000US261635647001,0,0,0,0,0,0,0,0
15000US261635647002,0,0,0,0,0,0,0,0
15000US261635648001,0,0,0,0,0,0,0,0
15000US261635648002,0,0,0,0,0,0,0,0
15000US261635648003,0,0,0,0,0,0,0,0
15000US261635649001,0,0,0,0,0,0,0,0
15000US261635650001,0,0,0,0,0,0,0,0
15000US261635650002,0,0,0,0,0,0,0,0
15000US261635650003,0,0,0,0,0,0,0,0
15000US261635651001,0,0,0,0,0,0,0,0
15000US261635651002,0,0,0,0,0,0,0,0
15000US261635652001,0,0,0,0,0,0,0,0
15000US261635652002,0,0,0,0,0,0,0,0
15000US261635652003,0,0,0,0,0,0,0,0
15000US261635653001,0,0,0,0,0,0,0,0
15000US261635653002,0,0,0,0,0,0,0,0
15000US261635653003,0,0,0,0,0,0,0,0
15000US261635656001,0,0,0,0,0,0,0,0
15000US261635656002,0,0,0,0,0,0,0,0
15000US261635657001,0,0,0,0,0,0,0,0
15000US261635657002,0,0,0,0,0,0,0,0
15000US261635658001,0,0,0,0,0,0,0,0
15000US261635658002,0,0,0,0,0,0,0,0
15000US261635658003,0,0,0,0,0,0,0,0
15000US261635659001,0,0,0,0,0,0,0,0
15000US261635659002,0,0,0,0,0,0,0,0
15000US261635664001,0,0,0,0,0,0,0,0
15000US261635664002,0,0,0,0,0,0,0,0
15000US261635665001,0,0,0,0,0,0,0,0
15000US261635665002,0,0,0,0,0,0,0,0
15000US261635666001,0,0,0,0,0,0,0,0
15000US261635666002,0,0,0,0,0,0,0,0
15000US261635667001,0,0,0,0,0,0,0,0
15000US261635667002,0,0,0,0,0,0,0,0
15000US261635667003,0,0,0,0,0,0,0,0
15000US261635668001,0,0,0,0,0,0,0,0
15000US261635668002,0,0,0,0,0,0,0,0
15000US261635668003,0,0,0,0,0,0,0,0
15000US261635669001,0,0,0,0,0,0,0,0
15000US261635669002,0,0,0,0,0,0,0,0
15000US261635669003,0,0,0,0,0,0,0,0
15000US261635669004,0,0,0,0,0,0,0,0
15000US261635670001,0,0,0,0,0,0,0,0
15000US261635670002,0,0,0,0,0,0,0,0
15000US261635670003,0,0,0,0,0,0,0,0
15000US261635671001,0,0,0,0,0,0,0,0
15000US261635671002,0,0,0,0,0,0,0,0
15000US261635671003,0,0,0,0,0,0,0,0
15000US261635672011,0,0,0,0,0,0,0,0
15000US261635672012,0,0,0,0,0,0,0,0
15000US261635672013,0,0,0,0,0,0,0,0
15000US261635672021,0,0,0,0,0,0,0,0
15000US261635672022,0,0,0,0,0,0,0,0
15000US261635673001,0,0,0,0,0,0,0,0
15000US261635673002,0,0,0,0,0,0,0,0
15000US261635673003,0,0,0,0,0,0,0,0
15000US261635673004,0,0,0,0,0,0,0,0
15000US261635673005,0,0,0,0,0,0,0,0
15000US261635674001,0,0,0,0,0,0,0,0
15000US261635674002,0,0,0,0,0,0,0,0
15000US261635678001,0,0,0,0,0,0,0,0
15000US261635678002,0,0,0,0,0,0,0,0
15000US261635678003,0,0,0,0,0,0,0,0
15000US261635678004,0,0,0,0,0,0,0,0
15000US261635679001,0,0,0,0,0,0,0,0
15000US261635679002,0,0,0,0,0,0,0,0
15000US261635679003,0,0,0,0,0,0,0,0
15000US261635680001,0,0,0,0,0,0,0,0
15000US261635680002,0,0,0,0,0,0,0,0
15000US261635682001,0,0,0,0,0,0,0,0
15000US261635682002,0,0,0,0,0,0,0,0
15000US261635682003,0,0,0,0,0,0,0,0
15000US261635683001,0,0,0,0,0,0,0,0
15000US261635683002,0,0,0,0,0,0,0,0
15000US261635683003,0,0,0,0,0,0,0,0
15000US261635683004,0,0,0,0,0,0,0,0
15000US261635684001,0,0,0,0,0,0,0,0
15000US261635684002,0,0,0,0,0,0,0,0
15000US261635684003,0,0,0,0,0,0,0,0
15000US261635684004,0,0,0,0,0,0,0,0
15000US261635685001,0,0,0,0,0,0,0,0
15000US261635685002,0,0,0,0,0,0,0,0
15000US261635685003,0,0,0,0,0,0,0,0
15000US261635685004,0,0,0,0,0,0,0,0
15000US261635687001,0,0,0,0,0,0,0,0
15000US261635687002,0,0,0,0,0,0,0,0
15000US261635687003,0,0,0,0,0,0,0,0
15000US261635687004,0,0,0,0,0,0,0,0
15000US261635688001,0,0,0,0,0,0,0,0
15000US261635688002,0,0,0,0,0,0,0,0
15000US261635689001,0,0,0,0,0,0,0,0
15000US261635689002,0,0,0,0,0,0,0,0
15000US261635691001,0,0,0,0,0,0,0,0
15000US261635691002,0,0,0,0,0,0,0,0
15000US261635692001,0,0,0,0,0,0,0,0
15000US261635692002,0,0,0,0,0,0,0,0
15000US261635692003,0,0,0,0,0,0,0,0
15000US261635692004,0,0,0,0,0,0,0,0
15000US261635693001,0,0,0,0,0,0,0,0
15000US261635693002,0,0,0,0,0,0,0,0
15000US261635694001,0,0,0,0,0,0,0,0
15000US261635694002,0,0,0,0,0,0,0,0
15000US261635694003,0,0,0,0,0,0,0,0
15000US261635695001,0,0,0,0,0,0,0,0
15000US261635695002,0,0,0,0,0,0,0,0
15000US261635696001,0,0,0,0,0,0,0,0
15000US261635696002,0,0,0,0,0,0,0,0
15000US261635696003,0,0,0,0,0,0,0,0
15000US261635696004,0,0,0,0,0,0,0,0
15000US261635697001,0,0,0,0,0,0,0,0
15000US261635697002,0,0,0,0,0,0,0,0
15000US261635697003,0,0,0,0,0,0,0,0
15000US261635697004,0,0,0,0,0,0,0,0
15000US261635698001,0,0,0,0,0,0,0,0
15000US261635698002,0,0,0,0,0,0,0,0
15000US261635698003,0,0,0,0,0,0,0,0
15000US261635699001,0,0,0,0,0,0,0,0
15000US261635699002,0,0,0,0,0,0,0,0
15000US261635701001,0,0,0,0,0,0,0,0
15000US261635701002,0,0,0,0,0,0,0,0
15000US261635701003,0,0,0,0,0,0,0,0
15000US261635702001,0,0,0,0,0,0,0,0
15000US261635702002,0,0,0,0,0,0,0,0
15000US261635702003,0,0,0,0,0,0,0,0
15000US261635704001,0,0,0,0,0,0,0,0
15000US261635704002,0,0,0,0,0,0,0,0
15000US261635704003,0,0,0,0,0,0,0,0
15000US261635704004,0,0,0,0,0,0,0,0
15000US261635704005,0,0,0,0,0,0,0,0
15000US261635705001,0,0,0,0,0,0,0,0
15000US261635705002,0,0,0,0,0,0,0,0
15000US261635705003,0,0,0,0,0,0,0,0
15000US261635705004,0,0,0,0,0,0,0,0
15000US261635706001,0,0,0,0,0,0,0,0
15000US261635706002,0,0,0,0,0,0,0,0
15000US261635708001,0,0,0,0,0,0,0,0
15000US261635708002,0,0,0,0,0,0,0,0
15000US261635708003,0,0,0,0,0,0,0,0
15000US261635709001,0,0,0,0,0,0,0,0
15000US261635709002,0,0,0,0,0,0,0,0
15000US261635709003,0,0,0,0,0,0,0,0
15000US261635710001,0,0,0,0,0,0,0,0
15000US261635710002,0,0,0,0,0,0,0,0
15000US261635710003,0,0,0,0,0,0,0,0
15000US261635710004,0,0,0,0,0,0,0,0
15000US261635715001,0,0,0,0,0,0,0,0
15000US261635715002,0,0,0,0,0,0,0,0
15000US261635715003,0,0,0,0,0,0,0,0
15000US261635715004,0,0,0,0,0,0,0,0
15000US261635716001,0,0,0,0,0,0,0,0
15000US261635717001,0,0,0,0,0,0,0,0
15000US261635717002,0,0,0,0,0,0,0,0
15000US261635718001,0,0,0,0,0,0,0,0
15000US261635718002,0,0,0,0,0,0,0,0
15000US261635718003,0,0,0,0,0,0,0,0
15000US261635719001,0,0,0,0,0,0,0,0
15000US261635719002,0,0,0,0,0,0,0,0
15000US261635719003,0,0,0,0,0,0,0,0
15000US261635720001,0,0,0,0,0,0,0,0
15000US261635720002,0,0,0,0,0,0,0,0
15000US261635721001,0,0,0,0,0,0,0,0
15000US261635721002,0,0,0,0,0,0,0,0
15000US261635721003,0,0,0,0,0,0,0,0
15000US261635721004,0,0,0,0,0,0,0,0
15000US261635721005,0,0,0,0,0,0,0,0
15000US261635722001,0,0,0,0,0,0,0,0
15000US261635722002,0,0,0,0,0,0,0,0
15000US261635722003,0,0,0,0,0,0,0,0
15000US261635722004,0,0,0,0,0,0,0,0
15000US261635722005,0,0,0,0,0,0,0,0
15000US261635724001,0,0,0,0,0,0,0,0
15000US261635724002,0,0,0,0,0,0,0,0
15000US261635725001,0,0,0,0,0,0,0,0
15000US261635725002,0,0,0,0,0,0,0,0
15000US261635726001,0,0,0,0,0,0,0,0
15000US261635726002,0,0,0,0,0,0,0,0
15000US261635726003,0,0,0,0,0,0,0,0
15000US261635726004,0,0,0,0,0,0,0,0
15000US261635726005,0,0,0,0,0,0,0,0
15000US261635727001,0,0,0,0,0,0,0,0
15000US261635727002,0,0,0,0,0,0,0,0
15000US261635727003,0,0,0,0,0,0,0,0
15000US261635727004,0,0,0,0,0,0,0,0
15000US261635728001,0,0,0,0,0,0,0,0
15000US261635728002,0,0,0,0,0,0,0,0
15000US261635728003,0,0,0,0,0,0,0,0
15000US261635728004,0,0,0,0,0,0,0,0
15000US261635728005,0,0,0,0,0,0,0,0
15000US261635728006,0,0,0,0,0,0,0,0
15000US261635729001,0,0,0,0,0,0,0,0
15000US261635729002,0,0,0,0,0,0,0,0
15000US261635729003,0,0,0,0,0,0,0,0
15000US261635730001,0,0,0,0,0,0,0,0
15000US261635730002,0,0,0,0,0,0,0,0
15000US261635731001,0,0,0,0,0,0,0,0
15000US261635731002,0,0,0,0,0,0,0,0
15000US261635733001,0,0,0,0,0,0,0,0
15000US261635733002,0,0,0,0,0,0,0,0
15000US261635734001,0,0,0,0,0,0,0,0
15000US261635734002,0,0,0,0,0,0,0,0
15000US261635734003,0,0,0,0,0,0,0,0
15000US261635734004,0,0,0,0,0,0,0,0
15000US261635735001,0,0,0,0,0,0,0,0
15000US261635735002,0,0,0,0,0,0,0,0
15000US261635736001,0,0,0,0,0,0,0,0
15000US261635736002,0,0,0,0,0,0,0,0
15000US261635736003,0,0,0,0,0,0,0,0
15000US261635736004,0,0,0,0,0,0,0,0
15000US261635736005,0,0,0,0,0,0,0,0
15000US261635736006,0,0,0,0,0,0,0,0
15000US261635737011,0,0,0,0,0,0,0,0
15000US261635737012,0,0,0,0,0,0,0,0
15000US261635737021,0,0,0,0,0,0,0,0
15000US261635737022,0,0,0,0,0,0,0,0
15000US261635737023,0,0,0,0,0,0,0,0
15000US261635737024,0,0,0,0,0,0,0,0
15000US261635737025,0,0,0,0,0,0,0,0
15000US261635738001,0,0,0,0,0,0,0,0
15000US261635738002,0,0,0,0,0,0,0,0
15000US261635738003,0,0,0,0,0,0,0,0
15000US261635738004,0,0,0,0,0,0,0,0
15000US261635739001,0,0,0,0,0,0,0,0
15000US261635739002,0,0,0,0,0,0,0,0
15000US261635740001,0,0,0,0,0,0,0,0
15000US261635740002,0,0,0,0,0,0,0,0
15000US261635740003,0,0,0,0,0,0,0,0
15000US261635740004,0,0,0,0,0,0,0,0
15000US261635741001,0,0,0,0,0,0,0,0
15000US261635741002,0,0,0,0,0,0,0,0
15000US261635741003,0,0,0,0,0,0,0,0
15000US261635741004,0,0,0,0,0,0,0,0
15000US261635742021,0,0,0,0,0,0,0,0
15000US261635742022,0,0,0,0,0,0,0,0
15000US261635743001,0,0,0,0,0,0,0,0
15000US261635743002,0,0,0,0,0,0,0,0
15000US261635743003,0,0,0,0,0,0,0,0
15000US261635746001,0,0,0,0,0,0,0,0
15000US261635746002,0,0,0,0,0,0,0,0
15000US261635746003,0,0,0,0,0,0,0,0
15000US261635746004,0,0,0,0,0,0,0,0
15000US261635746005,0,0,0,0,0,0,0,0
15000US261635746006,0,0,0,0,0,0,0,0
15000US261635746007,0,0,0,0,0,0,0,0
15000US261635747001,0,0,0,0,0,0,0,0
15000US261635747002,0,0,0,0,0,0,0,0
15000US261635747003,0,0,0,0,0,0,0,0
15000US261635747004,0,0,0,0,0,0,0,0
15000US261635747005,0,0,0,0,0,0,0,0
15000US261635748001,0,0,0,0,0,0,0,0
15000US261635748002,0,0,0,0,0,0,0,0
15000US261635748003,0,0,0,0,0,0,0,0
15000US261635748004,0,0,0,0,0,0,0,0
15000US261635748005,0,0,0,0,0,0,0,0
15000US261635749001,0,0,0,0,0,0,0,0
15000US261635749002,0,0,0,0,0,0,0,0
15000US261635750001,0,0,0,0,0,0,0,0
15000US261635750002,0,0,0,0,0,0,0,0
15000US261635750003,0,0,0,0,0,0,0,0
15000US261635750004,0,0,0,0,0,0,0,0
15000US261635751001,0,0,0,0,0,0,0,0
15000US261635751002,0,0,0,0,0,0,0,0
15000US261635751003,0,0,0,0,0,0,0,0
15000US261635752001,0,0,0,0,0,0,0,0
15000US261635752002,0,0,0,0,0,0,0,0
15000US261635752003,0,0,0,0,0,0,0,0
15000US261635752004,0,0,0,0,0,0,0,0
15000US261635753001,0,0,0,0,0,0,0,0
15000US261635753002,0,0,0,0,0,0,0,0
15000US261635753003,0,0,0,0,0,0,0,0
15000US261635753004,0,0,0,0,0,0,0,0
15000US261635753005,0,0,0,0,0,0,0,0
15000US261635754001,0,0,0,0,0,0,0,0
15000US261635754002,0,0,0,0,0,0,0,0
15000US261635754003,0,0,0,0,0,0,0,0
15000US261635754004,0,0,0,0,0,0,0,0
15000US261635755001,0,0,0,0,0,0,0,0
15000US261635755002,0,0,0,0,0,0,0,0
15000US261635755003,0,0,0,0,0,0,0,0
15000US261635755004,0,0,0,0,0,0,0,0
15000US261635756001,0,0,0,0,0,0,0,0
15000US261635756002,0,0,0,0,0,0,0,0
15000US261635760001,0,0,0,0,0,0,0,0
15000US261635760002,0,0,0,0,0,0,0,0
15000US261635761001,0,0,0,0,0,0,0,0
15000US261635761002,0,0,0,0,0,0,0,0
15000US261635761003,0,0,0,0,0,0,0,0
15000US261635761004,0,0,0,0,0,0,0,0
15000US261635761005,0,0,0,0,0,0,0,0
15000US261635762001,0,0,0,0,0,0,0,0
15000US261635762002,0,0,0,0,0,0,0,0
15000US261635762003,0,0,0,0,0,0,0,0
15000US261635763001,0,0,0,0,0,0,0,0
15000US261635763002,0,0,0,0,0,0,0,0
15000US261635763003,0,0,0,0,0,0,0,0
15000US261635764001,0,0,0,0,0,0,0,0
15000US261635764002,0,0,0,0,0,0,0,0
15000US261635764003,0,0,0,0,0,0,0,0
15000US261635765001,0,0,0,0,0,0,0,0
15000US261635765002,0,0,0,0,0,0,0,0
15000US261635765003,0,0,0,0,0,0,0,0
15000US261635765004,0,0,0,0,0,0,0,0
15000US261635765005,0,0,0,0,0,0,0,0
15000US261635766001,0,0,0,0,0,0,0,0
15000US261635766002,0,0,0,0,0,0,0,0
15000US261635766003,0,0,0,0,0,0,0,0
15000US261635766004,0,0,0,0,0,0,0,0
15000US261635767001,0,0,0,0,0,0,0,0
15000US261635767002,0,0,0,0,0,0,0,0
15000US261635767003,0,0,0,0,0,0,0,0
15000US261635770001,0,0,0,0,0,0,0,0
15000US261635770002,0,0,0,0,0,0,0,0
15000US261635770003,0,0,0,0,0,0,0,0
15000US261635770004,0,0,0,0,0,0,0,0
15000US261635770005,0,0,0,0,0,0,0,0
15000US261635771001,0,0,0,0,0,0,0,0
15000US261635771002,0,0,0,0,0,0,0,0
15000US261635771003,0,0,0,0,0,0,0,0
15000US261635771004,0,0,0,0,0,0,0,0
15000US261635772001,0,0,0,0,0,0,0,0
15000US261635772002,0,0,0,0,0,0,0,0
15000US261635772003,0,0,0,0,0,0,0,0
15000US261635773001,0,0,0,0,0,0,0,0
15000US261635773002,0,0,0,0,0,0,0,0
15000US261635773003,0,0,0,0,0,0,0,0
15000US261635773004,0,0,0,0,0,0,0,0
15000US261635774001,0,0,0,0,0,0,0,0
15000US261635774002,0,0,0,0,0,0,0,0
15000US261635774003,0,0,0,0,0,0,0,0
15000US261635774004,0,0,0,0,0,0,0,0
15000US261635774005,0,0,0,0,0,0,0,0
15000US261635775001,0,0,0,0,0,0,0,0
15000US261635775002,0,0,0,0,0,0,0,0
15000US261635775003,0,0,0,0,0,0,0,0
15000US261635775004,0,0,0,0,0,0,0,0
15000US261635776001,0,0,0,0,0,0,0,0
15000US261635776002,0,0,0,0,0,0,0,0
15000US261635776003,0,0,0,0,0,0,0,0
15000US261635776004,0,0,0,0,0,0,0,0
15000US261635777001,0,0,0,0,0,0,0,0
15000US261635777002,0,0,0,0,0,0,0,0
15000US261635778001,0,0,0,0,0,0,0,0
15000US261635778002,0,0,0,0,0,0,0,0
15000US261635778003,0,0,0,0,0,0,0,0
15000US261635778004,0,0,0,0,0,0,0,0
15000US261635778005,0,0,0,0,0,0,0,0
15000US261635779001,0,0,0,0,0,0,0,0
15000US261635779002,0,0,0,0,0,0,0,0
15000US261635779003,0,0,0,0,0,0,0,0
15000US261635779004,0,0,0,0,0,0,0,0
15000US261635779005,0,0,0,0,0,0,0,0
15000US261635780001,0,0,0,0,0,0,0,0
15000US261635780002,0,0,0,0,0,0,0,0
15000US261635780003,0,0,0,0,0,0,0,0
15000US261635785001,0,0,0,0,0,0,0,0
15000US261635785002,0,0,0,0,0,0,0,0
15000US261635785003,0,0,0,0,0,0,0,0
15000US261635785004,0,0,0,0,0,0,0,0
15000US261635785005,0,0,0,0,0,0,0,0
15000US261635786001,0,0,0,0,0,0,0,0
15000US261635786002,0,0,0,0,0,0,0,0
15000US261635786003,0,0,0,0,0,0,0,0
15000US261635791001,0,0,0,0,0,0,0,0
15000US261635791002,0,0,0,0,0,0,0,0
15000US261635792001,0,0,0,0,0,0,0,0
15000US261635792002,0,0,0,0,0,0,0,0
15000US261635792003,0,0,0,0,0,0,0,0
15000US261635792004,0,0,0,0,0,0,0,0
15000US261635793001,0,0,0,0,0,0,0,0
15000US261635793002,0,0,0,0,0,0,0,0
15000US261635795001,0,0,0,0,0,0,0,0
15000US261635795002,0,0,0,0,0,0,0,0
15000US261635796001,0,0,0,0,0,0,0,0
15000US261635796002,0,0,0,0,0,0,0,0
15000US261635796003,0,0,0,0,0,0,0,0
15000US261635796004,0,0,0,0,0,0,0,0
15000US261635797001,0,0,0,0,0,0,0,0
15000US261635797002,0,0,0,0,0,0,0,0
15000US261635797003,0,0,0,0,0,0,0,0
15000US261635798001,0,0,0,0,0,0,0,0
15000US261635798002,0,0,0,0,0,0,0,0
15000US261635799001,0,0,0,0,0,0,0,0
15000US261635799002,0,0,0,0,0,0,0,0
15000US261635799003,0,0,0,0,0,0,0,0
15000US261635799004,0,0,0,0,0,0,0,0
15000US261635801001,0,0,0,0,0,0,0,0
15000US261635801002,0,0,0,0,0,0,0,0
15000US261635801003,0,0,0,0,0,0,0,0
15000US261635802001,0,0,0,0,0,0,0,0
15000US261635802002,0,0,0,0,0,0,0,0
15000US261635802003,0,0,0,0,0,0,0,0
15000US261635802004,0,0,0,0,0,0,0,0
15000US261635803001,0,0,0,0,0,0,0,0
15000US261635803002,0,0,0,0,0,0,0,0
15000US261635803003,0,0,0,0,0,0,0,0
15000US261635804001,0,0,0,0,0,0,0,0
15000US261635804002,0,0,0,0,0,0,0,0
15000US261635805001,0,0,0,0,0,0,0,0
15000US261635805002,0,0,0,0,0,0,0,0
15000US261635805003,0,0,0,0,0,0,0,0
15000US261635806001,0,0,0,0,0,0,0,0
15000US261635806002,0,0,0,0,0,0,0,0
15000US261635806003,0,0,0,0,0,0,0,0
15000US261635807001,0,0,0,0,0,0,0,0
15000US261635807002,0,0,0,0,0,0,0,0
15000US261635807003,0,0,0,0,0,0,0,0
15000US261635807004,0,0,0,0,0,0,0,0
15000US261635807005,0,0,0,0,0,0,0,0
15000US261635808001,0,0,0,0,0,0,0,0
15000US261635808002,0,0,0,0,0,0,0,0
15000US261635809001,0,0,0,0,0,0,0,0
15000US261635809002,0,0,0,0,0,0,0,0
15000US261635809003,0,0,0,0,0,0,0,0
15000US261635809004,0,0,0,0,0,0,0,0
15000US261635811001,0,0,0,0,0,0,0,0
15000US261635811002,0,0,0,0,0,0,0,0
15000US261635811003,0,0,0,0,0,0,0,0
15000US261635812001,0,0,0,0,0,0,0,0
15000US261635812002,0,0,0,0,0,0,0,0
15000US261635815001,0,0,0,0,0,0,0,0
15000US261635815002,0,0,0,0,0,0,0,0
15000US261635816001,0,0,0,0,0,0,0,0
15000US261635816002,0,0,0,0,0,0,0,0
15000US261635816003,0,0,0,0,0,0,0,0
15000US261635816004,0,0,0,0,0,0,0,0
15000US261635818001,0,0,0,0,0,0,0,0
15000US261635818002,0,0,0,0,0,0,0,0
15000US261635818003,0,0,0,0,0,0,0,0
15000US261635819001,0,0,0,0,0,0,0,0
15000US261635819002,0,0,0,0,0,0,0,0
15000US261635819003,0,0,0,0,0,0,0,0
15000US261635819004,0,0,0,0,0,0,0,0
15000US261635819005,0,0,0,0,0,0,0,0
15000US261635820001,0,0,0,0,0,0,0,0
15000US261635820002,0,0,0,0,0,0,0,0
15000US261635820003,0,0,0,0,0,0,0,0
15000US261635821001,0,0,0,0,0,0,0,0
15000US261635821002,0,0,0,0,0,0,0,0
15000US261635821003,0,0,0,0,0,0,0,0
15000US261635821004,0,0,0,0,0,0,0,0
15000US261635821005,0,0,0,0,0,0,0,0
15000US261635830001,0,0,0,0,0,0,0,0
15000US261635830002,0,0,0,0,0,0,0,0
15000US261635830003,0,0,0,0,0,0,0,0
15000US261635831001,0,0,0,0,0,0,0,0
15000US261635831002,0,0,0,0,0,0,0,0
15000US261635831003,0,0,0,0,0,0,0,0
15000US261635831004,0,0,0,0,0,0,0,0
15000US261635831005,0,0,0,0,0,0,0,0
15000US261635832001,0,0,0,0,0,0,0,0
15000US261635832002,0,0,0,0,0,0,0,0
15000US261635832003,0,0,0,0,0,0,0,0
15000US261635833001,0,0,0,0,0,0,0,0
15000US261635833002,0,0,0,0,0,0,0,0
15000US261635834001,0,0,0,0,0,0,0,0
15000US261635834002,0,0,0,0,0,0,0,0
15000US261635834003,0,0,0,0,0,0,0,0
15000US261635834004,0,0,0,0,0,0,0,0
15000US261635834005,0,0,0,0,0,0,0,0
15000US261635835001,0,0,0,0,0,0,0,0
15000US261635835002,0,0,0,0,0,0,0,0
15000US261635835003,0,0,0,0,0,0,0,0
15000US261635836001,0,0,0,0,0,0,0,0
15000US261635836002,0,0,0,0,0,0,0,0
15000US261635836003,0,0,0,0,0,0,0,0
15000US261635837001,0,0,0,0,0,0,0,0
15000US261635837002,0,0,0,0,0,0,0,0
15000US261635837003,0,0,0,0,0,0,0,0
15000US261635837004,0,0,0,0,0,0,0,0
15000US261635838001,0,0,0,0,0,0,0,0
15000US261635838002,0,0,0,0,0,0,0,0
15000US261635838003,0,0,0,0,0,0,0,0
15000US261635839001,0,0,0,0,0,0,0,0
15000US261635839002,0,0,0,0,0,0,0,0
15000US261635839003,0,0,0,0,0,0,0,0
15000US261635840001,0,0,0,0,0,0,0,0
15000US261635840002,0,0,0,0,0,0,0,0
15000US261635840003,0,0,0,0,0,0,0,0
15000US261635841001,0,0,0,0,0,0,0,0
15000US261635841002,0,0,0,0,0,0,0,0
15000US261635842001,0,0,0,0,0,0,0,0
15000US261635842002,0,0,0,0,0,0,0,0
15000US261635843001,0,0,0,0,0,0,0,0
15000US261635843002,0,0,0,0,0,0,0,0
15000US261635844001,0,0,0,0,0,0,0,0
15000US261635844002,0,0,0,0,0,0,0,0
15000US261635845001,0,0,0,0,0,0,0,0
15000US261635845002,0,0,0,0,0,0,0,0
15000US261635846001,0,0,0,0,0,0,0,0
15000US261635846002,0,0,0,0,0,0,0,0
15000US261635847001,0,0,0,0,0,0,0,0
15000US261635847002,0,0,0,0,0,0,0,0
15000US261635848001,0,0,0,0,0,0,0,0
15000US261635848002,0,0,0,0,0,0,0,0
15000US261635848003,0,0,0,0,0,0,0,0
15000US261635848004,0,0,0,0,0,0,0,0
15000US261635855001,0,0,0,0,0,0,0,0
15000US261635855002,0,0,0,0,0,0,0,0
15000US261635856001,0,0,0,0,0,0,0,0
15000US261635856002,0,0,0,0,0,0,0,0
15000US261635857001,0,0,0,0,0,0,0,0
15000US261635857002,0,0,0,0,0,0,0,0
15000US261635858001,0,0,0,0,0,0,0,0
15000US261635858002,0,0,0,0,0,0,0,0
15000US261635859001,0,0,0,0,0,0,0,0
15000US261635859002,0,0,0,0,0,0,0,0
15000US261635859003,0,0,0,0,0,0,0,0
15000US261635859004,0,0,0,0,0,0,0,0
15000US261635862001,0,0,0,0,0,0,0,0
15000US261635862002,0,0,0,0,0,0,0,0
15000US261635862003,0,0,0,0,0,0,0,0
15000US261635862004,0,0,0,0,0,0,0,0
15000US261635863001,0,0,0,0,0,0,0,0
15000US261635863002,0,0,0,0,0,0,0,0
15000US261635870001,0,0,0,0,0,0,0,0
15000US261635870002,0,0,0,0,0,0,0,0
15000US261635870003,0,0,0,0,0,0,0,0
15000US261635879001,0,0,0,0,0,0,0,0
15000US261635879002,0,0,0,0,0,0,0,0
15000US261635879003,0,0,0,0,0,0,0,0
15000US261635880001,0,0,0,0,0,0,0,0
15000US261635880002,0,0,0,0,0,0,0,0
15000US261635880003,0,0,0,0,0,0,0,0
15000US261635881001,0,0,0,0,0,0,0,0
15000US261635881002,0,0,0,0,0,0,0,0
15000US261635882001,0,0,0,0,0,0,0,0
15000US261635882002,0,0,0,0,0,0,0,0
15000US261635883001,0,0,0,0,0,0,0,0
15000US261635883002,0,0,0,0,0,0,0,0
15000US261635883003,0,0,0,0,0,0,0,0
15000US261635884001,0,0,0,0,0,0,0,0
15000US261635884002,0,0,0,0,0,0,0,0
15000US261635884003,0,0,0,0,0,0,0,0
15000US261635893001,0,0,0,0,0,0,0,0
15000US261635893002,0,0,0,0,0,0,0,0
15000US261635893003,0,0,0,0,0,0,0,0
15000US261635893004,0,0,0,0,0,0,0,0
15000US261635894001,0,0,0,0,0,0,0,0
15000US261635894002,0,0,0,0,0,0,0,0
15000US261635894003,0,0,0,0,0,0,0,0
15000US261635894004,0,0,0,0,0,0,0,0
15000US261635894005,0,0,0,0,0,0,0,0
15000US261635904001,0,0,0,0,0,0,0,0
15000US261635904002,0,0,0,0,0,0,0,0
15000US261635904003,0,0,0,0,0,0,0,0
15000US261635905001,0,0,0,0,0,0,0,0
15000US261635905002,0,0,0,0,0,0,0,0
15000US261635905003,0,0,0,0,0,0,0,0
15000US261635905004,0,0,0,0,0,0,0,0
15000US261635906001,0,0,0,0,0,0,0,0
15000US261635906002,0,0,0,0,0,0,0,0
15000US261635915011,0,0,0,0,0,0,0,0
15000US261635915012,0,0,0,0,0,0,0,0
15000US261635915021,0,0,0,0,0,0,0,0
15000US261635916001,0,0,0,0,0,0,0,0
15000US261635916002,0,0,0,0,0,0,0,0
15000US261635917001,0,0,0,0,0,0,0,0
15000US261635917002,0,0,0,0,0,0,0,0
15000US261635917003,0,0,0,0,0,0,0,0
15000US261635918001,0,0,0,0,0,0,0,0
15000US261635918002,0,0,0,0,0,0,0,0
15000US261635918003,0,0,0,0,0,0,0,0
15000US261635919001,0,0,0,0,0,0,0,0
15000US261635919002,0,0,0,0,0,0,0,0
15000US261635919003,0,0,0,0,0,0,0,0
15000US261635919004,0,0,0,0,0,0,0,0
15000US261635920001,0,0,0,0,0,0,0,0
15000US261635920002,0,0,0,0,0,0,0,0
15000US261635930001,0,0,0,0,0,0,0,0
15000US261635930002,0,0,0,0,0,0,0,0
15000US261635930003,0,0,0,0,0,0,0,0
15000US261635932001,0,0,0,0,0,0,0,0
15000US261635932002,0,0,0,0,0,0,0,0
15000US261635933001,0,0,0,0,0,0,0,0
15000US261635933002,0,0,0,0,0,0,0,0
15000US261635940001,0,0,0,0,0,0,0,0
15000US261635940002,0,0,0,0,0,0,0,0
15000US261635940003,0,0,0,0,0,0,0,0
15000US261635941001,0,0,0,0,0,0,0,0
15000US261635941002,0,0,0,0,0,0,0,0
15000US261635941003,0,0,0,0,0,0,0,0
15000US261635941004,0,0,0,0,0,0,0,0
15000US261635942001,0,0,0,0,0,0,0,0
15000US261635942002,0,0,0,0,0,0,0,0
15000US261635942003,0,0,0,0,0,0,0,0
15000US261635943001,0,0,0,0,0,0,0,0
15000US261635943002,0,0,0,0,0,0,0,0
15000US261635943003,0,0,0,0,0,0,0,0
15000US261635944001,0,0,0,0,0,0,0,0
15000US261635944002,0,0,0,0,0,0,0,0
15000US261635945001,0,0,0,0,0,0,0,0
15000US261635945002,0,0,0,0,0,0,0,0
15000US261635950001,0,0,0,0,0,0,0,0
15000US261635950002,0,0,0,0,0,0,0,0
15000US261635950003,0,0,0,0,0,0,0,0
15000US261635950004,0,0,0,0,0,0,0,0
15000US261635950005,0,0,0,0,0,0,0,0
15000US261635951001,0,0,0,0,0,0,0,0
15000US261635951002,0,0,0,0,0,0,0,0
15000US261635951003,0,0,0,0,0,0,0,0
15000US261635951004,0,0,0,0,0,0,0,0
15000US261635952001,0,0,0,0,0,0,0,0
15000US261635952002,0,0,0,0,0,0,0,0
15000US261635952003,0,0,0,0,0,0,0,0
15000US261635961001,0,0,0,0,0,0,0,0
15000US261635961002,0,0,0,0,0,0,0,0
15000US261635961003,0,0,0,0,0,0,0,0
15000US261635961004,0,0,0,0,0,0,0,0
15000US261635962001,0,0,0,0,0,0,0,0
15000US261635962002,0,0,0,0,0,0,0,0
15000US261635962003,0,0,0,0,0,0,0,0
15000US261635963001,0,0,0,0,0,0,0,0
15000US261635963002,0,0,0,0,0,0,0,0
15000US261635970001,0,0,0,0,0,0,0,0
15000US261635970002,0,0,0,0,0,0,0,0
15000US261635970003,0,0,0,0,0,0,0,0
15000US261635980001,0,0,0,0,0,0,0,0
15000US261635980002,0,0,0,0,0,0,0,0
15000US261635980003,0,0,0,0,0,0,0,0
15000US261635980004,0,0,0,0,0,0,0,0
15000US261635990001,0,0,0,0,0,0,0,0
15000US261635990002,0,0,0,0,0,0,0,0
15000US261635990003,0,0,0,0,0,0,0,0
15000US261635991001,0,0,0,0,0,0,0,0
15000US261635991002,0,0,0,0,0,0,0,0
15000US261635991003,0,0,0,0,0,0,0,0
15000US261635991004,0,0,0,0,0,0,0,0
15000US261639850001,4,3,1,0,0,0,0,0
15000US261639851001,11,3,4,0,0,1,3,0
15000US261639852001,3,3,0,0,0,0,0,0
15000US261639853001,8,5,1,0,0,2,0,0
15000US261639854001,0,0,0,0,0,0,0,0
15000US261639855001,0,0,0,0,0,0,0,0
15000US261639856001,0,0,0,0,0,0,0,0
15000US261639857001,0,0,0,0,0,0,0,0
15000US261639859001,4,3,0,0,0,0,1,0
15000US261639901000,0,0,0,0,0,0,0,0
15000US261639902000,0,0,0,0,0,0,0,0
97000US2616320,0,0,0,0,0,0,0,0
97000US2616350,0,0,0,0,0,0,0,0
97000US2616380,0,0,0,0,0,0,0,0
